Domain Code,Domain,Area Code (M49),Area,Element Code,Element,Item Code (CPC),Item,Year Code,Year,Unit,Value,Flag,Flag Description,Note
"QCL","Crops and livestock products","170","Colombia","5412","Yield","01640","Cocoa beans","1961","1961","kg/ha","433.3","A","Official figure",""
"QCL","Crops and livestock products","170","Colombia","5510","Production","01640","Cocoa beans","1961","1961","t","14300","A","Official figure",""
"QCL","Crops and livestock products","170","Colombia","5412","Yield","01640","Cocoa beans","1962","1962","kg/ha","441.2","A","Official figure",""
"QCL","Crops and livestock products","170","Colombia","5510","Production","01640","Cocoa beans","1962","1962","t","15000","A","Official figure",""
"QCL","Crops and livestock products","170","Colombia","5412","Yield","01640","Cocoa beans","1963","1963","kg/ha","448.6","A","Official figure",""
"QCL","Crops and livestock products","170","Colombia","5510","Production","01640","Cocoa beans","1963","1963","t","15700","A","Official figure",""
"QCL","Crops and livestock products","170","Colombia","5412","Yield","01640","Cocoa beans","1964","1964","kg/ha","443.2","A","Official figure",""
"QCL","Crops and livestock products","170","Colombia","5510","Production","01640","Cocoa beans","1964","1964","t","16400","A","Official figure",""
"QCL","Crops and livestock products","170","Colombia","5412","Yield","01640","Cocoa beans","1965","1965","kg/ha","457.2","A","Official figure",""
"QCL","Crops and livestock products","170","Colombia","5510","Production","01640","Cocoa beans","1965","1965","t","17100","A","Official figure",""
"QCL","Crops and livestock products","170","Colombia","5412","Yield","01640","Cocoa beans","1966","1966","kg/ha","468.4","A","Official figure",""
"QCL","Crops and livestock products","170","Colombia","5510","Production","01640","Cocoa beans","1966","1966","t","17800","A","Official figure",""
"QCL","Crops and livestock products","170","Colombia","5412","Yield","01640","Cocoa beans","1967","1967","kg/ha","459.5","A","Official figure",""
"QCL","Crops and livestock products","170","Colombia","5510","Production","01640","Cocoa beans","1967","1967","t","17000","A","Official figure",""
"QCL","Crops and livestock products","170","Colombia","5412","Yield","01640","Cocoa beans","1968","1968","kg/ha","461.5","A","Official figure",""
"QCL","Crops and livestock products","170","Colombia","5510","Production","01640","Cocoa beans","1968","1968","t","18000","A","Official figure",""
"QCL","Crops and livestock products","170","Colombia","5412","Yield","01640","Cocoa beans","1969","1969","kg/ha","447.9","A","Official figure",""
"QCL","Crops and livestock products","170","Colombia","5510","Production","01640","Cocoa beans","1969","1969","t","18500","A","Official figure",""
"QCL","Crops and livestock products","170","Colombia","5412","Yield","01640","Cocoa beans","1970","1970","kg/ha","415.8","A","Official figure",""
"QCL","Crops and livestock products","170","Colombia","5510","Production","01640","Cocoa beans","1970","1970","t","19000","A","Official figure",""
"QCL","Crops and livestock products","170","Colombia","5412","Yield","01640","Cocoa beans","1971","1971","kg/ha","428.6","A","Official figure",""
"QCL","Crops and livestock products","170","Colombia","5510","Production","01640","Cocoa beans","1971","1971","t","21000","A","Official figure",""
"QCL","Crops and livestock products","170","Colombia","5412","Yield","01640","Cocoa beans","1972","1972","kg/ha","418.3","A","Official figure",""
"QCL","Crops and livestock products","170","Colombia","5510","Production","01640","Cocoa beans","1972","1972","t","22000","A","Official figure",""
"QCL","Crops and livestock products","170","Colombia","5412","Yield","01640","Cocoa beans","1973","1973","kg/ha","418.9","A","Official figure",""
"QCL","Crops and livestock products","170","Colombia","5510","Production","01640","Cocoa beans","1973","1973","t","23000","A","Official figure",""
"QCL","Crops and livestock products","170","Colombia","5412","Yield","01640","Cocoa beans","1974","1974","kg/ha","423.1","E","Estimated value",""
"QCL","Crops and livestock products","170","Colombia","5510","Production","01640","Cocoa beans","1974","1974","t","24500","X","Figure from international organizations","Unofficial figure"
"QCL","Crops and livestock products","170","Colombia","5412","Yield","01640","Cocoa beans","1975","1975","kg/ha","494.3","E","Estimated value",""
"QCL","Crops and livestock products","170","Colombia","5510","Production","01640","Cocoa beans","1975","1975","t","26000","X","Figure from international organizations","Unofficial figure"
"QCL","Crops and livestock products","170","Colombia","5412","Yield","01640","Cocoa beans","1976","1976","kg/ha","535.8","A","Official figure",""
"QCL","Crops and livestock products","170","Colombia","5510","Production","01640","Cocoa beans","1976","1976","t","29200","A","Official figure",""
"QCL","Crops and livestock products","170","Colombia","5412","Yield","01640","Cocoa beans","1977","1977","kg/ha","469.6","A","Official figure",""
"QCL","Crops and livestock products","170","Colombia","5510","Production","01640","Cocoa beans","1977","1977","t","27000","A","Official figure",""
"QCL","Crops and livestock products","170","Colombia","5412","Yield","01640","Cocoa beans","1978","1978","kg/ha","512.4","A","Official figure",""
"QCL","Crops and livestock products","170","Colombia","5510","Production","01640","Cocoa beans","1978","1978","t","31000","A","Official figure",""
"QCL","Crops and livestock products","170","Colombia","5412","Yield","01640","Cocoa beans","1979","1979","kg/ha","515.2","A","Official figure",""
"QCL","Crops and livestock products","170","Colombia","5510","Production","01640","Cocoa beans","1979","1979","t","32300","A","Official figure",""
"QCL","Crops and livestock products","170","Colombia","5412","Yield","01640","Cocoa beans","1980","1980","kg/ha","554.3","A","Official figure",""
"QCL","Crops and livestock products","170","Colombia","5510","Production","01640","Cocoa beans","1980","1980","t","35700","A","Official figure",""
"QCL","Crops and livestock products","170","Colombia","5412","Yield","01640","Cocoa beans","1981","1981","kg/ha","563.2","A","Official figure",""
"QCL","Crops and livestock products","170","Colombia","5510","Production","01640","Cocoa beans","1981","1981","t","38300","A","Official figure",""
"QCL","Crops and livestock products","170","Colombia","5412","Yield","01640","Cocoa beans","1982","1982","kg/ha","509.7","A","Official figure",""
"QCL","Crops and livestock products","170","Colombia","5510","Production","01640","Cocoa beans","1982","1982","t","39400","A","Official figure",""
"QCL","Crops and livestock products","170","Colombia","5412","Yield","01640","Cocoa beans","1983","1983","kg/ha","493.3","E","Estimated value",""
"QCL","Crops and livestock products","170","Colombia","5510","Production","01640","Cocoa beans","1983","1983","t","37000","A","Official figure",""
"QCL","Crops and livestock products","170","Colombia","5412","Yield","01640","Cocoa beans","1984","1984","kg/ha","476.9","A","Official figure",""
"QCL","Crops and livestock products","170","Colombia","5510","Production","01640","Cocoa beans","1984","1984","t","40700","A","Official figure",""
"QCL","Crops and livestock products","170","Colombia","5412","Yield","01640","Cocoa beans","1985","1985","kg/ha","464","A","Official figure",""
"QCL","Crops and livestock products","170","Colombia","5510","Production","01640","Cocoa beans","1985","1985","t","42500","A","Official figure",""
"QCL","Crops and livestock products","170","Colombia","5412","Yield","01640","Cocoa beans","1986","1986","kg/ha","481.9","A","Official figure",""
"QCL","Crops and livestock products","170","Colombia","5510","Production","01640","Cocoa beans","1986","1986","t","46700","A","Official figure",""
"QCL","Crops and livestock products","170","Colombia","5412","Yield","01640","Cocoa beans","1987","1987","kg/ha","512.3","A","Official figure",""
"QCL","Crops and livestock products","170","Colombia","5510","Production","01640","Cocoa beans","1987","1987","t","53680","A","Official figure",""
"QCL","Crops and livestock products","170","Colombia","5412","Yield","01640","Cocoa beans","1988","1988","kg/ha","481.8","A","Official figure",""
"QCL","Crops and livestock products","170","Colombia","5510","Production","01640","Cocoa beans","1988","1988","t","54080","A","Official figure",""
"QCL","Crops and livestock products","170","Colombia","5412","Yield","01640","Cocoa beans","1989","1989","kg/ha","469","A","Official figure",""
"QCL","Crops and livestock products","170","Colombia","5510","Production","01640","Cocoa beans","1989","1989","t","55430","A","Official figure",""
"QCL","Crops and livestock products","170","Colombia","5412","Yield","01640","Cocoa beans","1990","1990","kg/ha","465.2","A","Official figure",""
"QCL","Crops and livestock products","170","Colombia","5510","Production","01640","Cocoa beans","1990","1990","t","56153","A","Official figure",""
"QCL","Crops and livestock products","170","Colombia","5412","Yield","01640","Cocoa beans","1991","1991","kg/ha","465.1","A","Official figure",""
"QCL","Crops and livestock products","170","Colombia","5510","Production","01640","Cocoa beans","1991","1991","t","58141","A","Official figure",""
"QCL","Crops and livestock products","170","Colombia","5412","Yield","01640","Cocoa beans","1992","1992","kg/ha","458.3","A","Official figure",""
"QCL","Crops and livestock products","170","Colombia","5510","Production","01640","Cocoa beans","1992","1992","t","54857","A","Official figure",""
"QCL","Crops and livestock products","170","Colombia","5412","Yield","01640","Cocoa beans","1993","1993","kg/ha","457.4","A","Official figure",""
"QCL","Crops and livestock products","170","Colombia","5510","Production","01640","Cocoa beans","1993","1993","t","57472","A","Official figure",""
"QCL","Crops and livestock products","170","Colombia","5412","Yield","01640","Cocoa beans","1994","1994","kg/ha","466.4","A","Official figure",""
"QCL","Crops and livestock products","170","Colombia","5510","Production","01640","Cocoa beans","1994","1994","t","50624","A","Official figure",""
"QCL","Crops and livestock products","170","Colombia","5412","Yield","01640","Cocoa beans","1995","1995","kg/ha","465.6","A","Official figure",""
"QCL","Crops and livestock products","170","Colombia","5510","Production","01640","Cocoa beans","1995","1995","t","56652","A","Official figure",""
"QCL","Crops and livestock products","170","Colombia","5412","Yield","01640","Cocoa beans","1996","1996","kg/ha","438","A","Official figure",""
"QCL","Crops and livestock products","170","Colombia","5510","Production","01640","Cocoa beans","1996","1996","t","49635","A","Official figure",""
"QCL","Crops and livestock products","170","Colombia","5412","Yield","01640","Cocoa beans","1997","1997","kg/ha","459","A","Official figure",""
"QCL","Crops and livestock products","170","Colombia","5510","Production","01640","Cocoa beans","1997","1997","t","50317","A","Official figure",""
"QCL","Crops and livestock products","170","Colombia","5412","Yield","01640","Cocoa beans","1998","1998","kg/ha","531.2","A","Official figure",""
"QCL","Crops and livestock products","170","Colombia","5510","Production","01640","Cocoa beans","1998","1998","t","50685","A","Official figure",""
"QCL","Crops and livestock products","170","Colombia","5412","Yield","01640","Cocoa beans","1999","1999","kg/ha","526.5","A","Official figure",""
"QCL","Crops and livestock products","170","Colombia","5510","Production","01640","Cocoa beans","1999","1999","t","51485","A","Official figure",""
"QCL","Crops and livestock products","170","Colombia","5412","Yield","01640","Cocoa beans","2000","2000","kg/ha","441.8","A","Official figure",""
"QCL","Crops and livestock products","170","Colombia","5510","Production","01640","Cocoa beans","2000","2000","t","36731","A","Official figure",""
"QCL","Crops and livestock products","170","Colombia","5412","Yield","01640","Cocoa beans","2001","2001","kg/ha","449.9","A","Official figure",""
"QCL","Crops and livestock products","170","Colombia","5510","Production","01640","Cocoa beans","2001","2001","t","36070","A","Official figure",""
"QCL","Crops and livestock products","170","Colombia","5412","Yield","01640","Cocoa beans","2002","2002","kg/ha","407.7","A","Official figure",""
"QCL","Crops and livestock products","170","Colombia","5510","Production","01640","Cocoa beans","2002","2002","t","34002","A","Official figure",""
"QCL","Crops and livestock products","170","Colombia","5412","Yield","01640","Cocoa beans","2003","2003","kg/ha","480.5","A","Official figure",""
"QCL","Crops and livestock products","170","Colombia","5510","Production","01640","Cocoa beans","2003","2003","t","41704","A","Official figure",""
"QCL","Crops and livestock products","170","Colombia","5412","Yield","01640","Cocoa beans","2004","2004","kg/ha","526","A","Official figure",""
"QCL","Crops and livestock products","170","Colombia","5510","Production","01640","Cocoa beans","2004","2004","t","38753","A","Official figure",""
"QCL","Crops and livestock products","170","Colombia","5412","Yield","01640","Cocoa beans","2005","2005","kg/ha","460","A","Official figure",""
"QCL","Crops and livestock products","170","Colombia","5510","Production","01640","Cocoa beans","2005","2005","t","37099","A","Official figure",""
"QCL","Crops and livestock products","170","Colombia","5412","Yield","01640","Cocoa beans","2006","2006","kg/ha","456","A","Official figure",""
"QCL","Crops and livestock products","170","Colombia","5510","Production","01640","Cocoa beans","2006","2006","t","35258","A","Official figure",""
"QCL","Crops and livestock products","170","Colombia","5412","Yield","01640","Cocoa beans","2007","2007","kg/ha","459","A","Official figure",""
"QCL","Crops and livestock products","170","Colombia","5510","Production","01640","Cocoa beans","2007","2007","t","39904","A","Official figure",""
"QCL","Crops and livestock products","170","Colombia","5412","Yield","01640","Cocoa beans","2008","2008","kg/ha","491.9","A","Official figure",""
"QCL","Crops and livestock products","170","Colombia","5510","Production","01640","Cocoa beans","2008","2008","t","44740","A","Official figure",""
"QCL","Crops and livestock products","170","Colombia","5412","Yield","01640","Cocoa beans","2009","2009","kg/ha","470.1","A","Official figure",""
"QCL","Crops and livestock products","170","Colombia","5510","Production","01640","Cocoa beans","2009","2009","t","44740","A","Official figure",""
"QCL","Crops and livestock products","170","Colombia","5412","Yield","01640","Cocoa beans","2010","2010","kg/ha","413.4","A","Official figure",""
"QCL","Crops and livestock products","170","Colombia","5510","Production","01640","Cocoa beans","2010","2010","t","39534","A","Official figure",""
"QCL","Crops and livestock products","170","Colombia","5412","Yield","01640","Cocoa beans","2011","2011","kg/ha","375","A","Official figure",""
"QCL","Crops and livestock products","170","Colombia","5510","Production","01640","Cocoa beans","2011","2011","t","37202","A","Official figure",""
"QCL","Crops and livestock products","170","Colombia","5412","Yield","01640","Cocoa beans","2012","2012","kg/ha","275.7","A","Official figure",""
"QCL","Crops and livestock products","170","Colombia","5510","Production","01640","Cocoa beans","2012","2012","t","41670","A","Official figure",""
"QCL","Crops and livestock products","170","Colombia","5412","Yield","01640","Cocoa beans","2013","2013","kg/ha","301.2","A","Official figure",""
"QCL","Crops and livestock products","170","Colombia","5510","Production","01640","Cocoa beans","2013","2013","t","46739","A","Official figure",""
"QCL","Crops and livestock products","170","Colombia","5412","Yield","01640","Cocoa beans","2014","2014","kg/ha","358","A","Official figure",""
"QCL","Crops and livestock products","170","Colombia","5510","Production","01640","Cocoa beans","2014","2014","t","47732","A","Official figure",""
"QCL","Crops and livestock products","170","Colombia","5412","Yield","01640","Cocoa beans","2015","2015","kg/ha","400.7","A","Official figure",""
"QCL","Crops and livestock products","170","Colombia","5510","Production","01640","Cocoa beans","2015","2015","t","54797.95","A","Official figure",""
"QCL","Crops and livestock products","170","Colombia","5412","Yield","01640","Cocoa beans","2016","2016","kg/ha","402.3","A","Official figure",""
"QCL","Crops and livestock products","170","Colombia","5510","Production","01640","Cocoa beans","2016","2016","t","56785","A","Official figure",""
"QCL","Crops and livestock products","170","Colombia","5412","Yield","01640","Cocoa beans","2017","2017","kg/ha","857.3","A","Official figure",""
"QCL","Crops and livestock products","170","Colombia","5510","Production","01640","Cocoa beans","2017","2017","t","89282","A","Official figure",""
"QCL","Crops and livestock products","170","Colombia","5412","Yield","01640","Cocoa beans","2018","2018","kg/ha","926.6","A","Official figure",""
"QCL","Crops and livestock products","170","Colombia","5510","Production","01640","Cocoa beans","2018","2018","t","97978","A","Official figure",""
"QCL","Crops and livestock products","170","Colombia","5412","Yield","01640","Cocoa beans","2019","2019","kg/ha","867","A","Official figure",""
"QCL","Crops and livestock products","170","Colombia","5510","Production","01640","Cocoa beans","2019","2019","t","102154","A","Official figure",""
"QCL","Crops and livestock products","170","Colombia","5412","Yield","01640","Cocoa beans","2020","2020","kg/ha","336.7","A","Official figure",""
"QCL","Crops and livestock products","170","Colombia","5510","Production","01640","Cocoa beans","2020","2020","t","63416","A","Official figure",""
"QCL","Crops and livestock products","170","Colombia","5412","Yield","01640","Cocoa beans","2021","2021","kg/ha","355.1","A","Official figure",""
"QCL","Crops and livestock products","170","Colombia","5510","Production","01640","Cocoa beans","2021","2021","t","69040","A","Official figure",""
"QCL","Crops and livestock products","170","Colombia","5412","Yield","01640","Cocoa beans","2022","2022","kg/ha","327.1","A","Official figure",""
"QCL","Crops and livestock products","170","Colombia","5510","Production","01640","Cocoa beans","2022","2022","t","62158","A","Official figure",""
"QCL","Crops and livestock products","170","Colombia","5412","Yield","01640","Cocoa beans","2023","2023","kg/ha","313.6","A","Official figure",""
"QCL","Crops and livestock products","170","Colombia","5510","Production","01640","Cocoa beans","2023","2023","t","59831","A","Official figure",""
"QCL","Crops and livestock products","384","Côte d'Ivoire","5412","Yield","01640","Cocoa beans","1961","1961","kg/ha","326.9","E","Estimated value",""
"QCL","Crops and livestock products","384","Côte d'Ivoire","5510","Production","01640","Cocoa beans","1961","1961","t","85000","E","Estimated value",""
"QCL","Crops and livestock products","384","Côte d'Ivoire","5412","Yield","01640","Cocoa beans","1962","1962","kg/ha","397.1","E","Estimated value",""
"QCL","Crops and livestock products","384","Côte d'Ivoire","5510","Production","01640","Cocoa beans","1962","1962","t","110000","E","Estimated value",""
"QCL","Crops and livestock products","384","Côte d'Ivoire","5412","Yield","01640","Cocoa beans","1963","1963","kg/ha","393.8","E","Estimated value",""
"QCL","Crops and livestock products","384","Côte d'Ivoire","5510","Production","01640","Cocoa beans","1963","1963","t","115000","E","Estimated value",""
"QCL","Crops and livestock products","384","Côte d'Ivoire","5412","Yield","01640","Cocoa beans","1964","1964","kg/ha","451.5","A","Official figure",""
"QCL","Crops and livestock products","384","Côte d'Ivoire","5510","Production","01640","Cocoa beans","1964","1964","t","139069","A","Official figure",""
"QCL","Crops and livestock products","384","Côte d'Ivoire","5412","Yield","01640","Cocoa beans","1965","1965","kg/ha","372.4","A","Official figure",""
"QCL","Crops and livestock products","384","Côte d'Ivoire","5510","Production","01640","Cocoa beans","1965","1965","t","121772","A","Official figure",""
"QCL","Crops and livestock products","384","Côte d'Ivoire","5412","Yield","01640","Cocoa beans","1966","1966","kg/ha","436.6","A","Official figure",""
"QCL","Crops and livestock products","384","Côte d'Ivoire","5510","Production","01640","Cocoa beans","1966","1966","t","149662","A","Official figure",""
"QCL","Crops and livestock products","384","Côte d'Ivoire","5412","Yield","01640","Cocoa beans","1967","1967","kg/ha","409.6","A","Official figure",""
"QCL","Crops and livestock products","384","Côte d'Ivoire","5510","Production","01640","Cocoa beans","1967","1967","t","146640","A","Official figure",""
"QCL","Crops and livestock products","384","Côte d'Ivoire","5412","Yield","01640","Cocoa beans","1968","1968","kg/ha","389.3","A","Official figure",""
"QCL","Crops and livestock products","384","Côte d'Ivoire","5510","Production","01640","Cocoa beans","1968","1968","t","144476","A","Official figure",""
"QCL","Crops and livestock products","384","Côte d'Ivoire","5412","Yield","01640","Cocoa beans","1969","1969","kg/ha","467.2","A","Official figure",""
"QCL","Crops and livestock products","384","Côte d'Ivoire","5510","Production","01640","Cocoa beans","1969","1969","t","180706","A","Official figure",""
"QCL","Crops and livestock products","384","Côte d'Ivoire","5412","Yield","01640","Cocoa beans","1970","1970","kg/ha","443.1","A","Official figure",""
"QCL","Crops and livestock products","384","Côte d'Ivoire","5510","Production","01640","Cocoa beans","1970","1970","t","179156","A","Official figure",""
"QCL","Crops and livestock products","384","Côte d'Ivoire","5412","Yield","01640","Cocoa beans","1971","1971","kg/ha","534.1","A","Official figure",""
"QCL","Crops and livestock products","384","Côte d'Ivoire","5510","Production","01640","Cocoa beans","1971","1971","t","225814","A","Official figure",""
"QCL","Crops and livestock products","384","Côte d'Ivoire","5412","Yield","01640","Cocoa beans","1972","1972","kg/ha","421","A","Official figure",""
"QCL","Crops and livestock products","384","Côte d'Ivoire","5510","Production","01640","Cocoa beans","1972","1972","t","185445","A","Official figure",""
"QCL","Crops and livestock products","384","Côte d'Ivoire","5412","Yield","01640","Cocoa beans","1973","1973","kg/ha","419.6","A","Official figure",""
"QCL","Crops and livestock products","384","Côte d'Ivoire","5510","Production","01640","Cocoa beans","1973","1973","t","208522","A","Official figure",""
"QCL","Crops and livestock products","384","Côte d'Ivoire","5412","Yield","01640","Cocoa beans","1974","1974","kg/ha","512.8","A","Official figure",""
"QCL","Crops and livestock products","384","Côte d'Ivoire","5510","Production","01640","Cocoa beans","1974","1974","t","241511","A","Official figure",""
"QCL","Crops and livestock products","384","Côte d'Ivoire","5412","Yield","01640","Cocoa beans","1975","1975","kg/ha","464.1","A","Official figure",""
"QCL","Crops and livestock products","384","Côte d'Ivoire","5510","Production","01640","Cocoa beans","1975","1975","t","231136","A","Official figure",""
"QCL","Crops and livestock products","384","Côte d'Ivoire","5412","Yield","01640","Cocoa beans","1976","1976","kg/ha","441.7","A","Official figure",""
"QCL","Crops and livestock products","384","Côte d'Ivoire","5510","Production","01640","Cocoa beans","1976","1976","t","232330","A","Official figure",""
"QCL","Crops and livestock products","384","Côte d'Ivoire","5412","Yield","01640","Cocoa beans","1977","1977","kg/ha","435","A","Official figure",""
"QCL","Crops and livestock products","384","Côte d'Ivoire","5510","Production","01640","Cocoa beans","1977","1977","t","303621","A","Official figure",""
"QCL","Crops and livestock products","384","Côte d'Ivoire","5412","Yield","01640","Cocoa beans","1978","1978","kg/ha","430.2","A","Official figure",""
"QCL","Crops and livestock products","384","Côte d'Ivoire","5510","Production","01640","Cocoa beans","1978","1978","t","318381","A","Official figure",""
"QCL","Crops and livestock products","384","Côte d'Ivoire","5412","Yield","01640","Cocoa beans","1979","1979","kg/ha","506.9","A","Official figure",""
"QCL","Crops and livestock products","384","Côte d'Ivoire","5510","Production","01640","Cocoa beans","1979","1979","t","397759","A","Official figure",""
"QCL","Crops and livestock products","384","Côte d'Ivoire","5412","Yield","01640","Cocoa beans","1980","1980","kg/ha","498.7","A","Official figure",""
"QCL","Crops and livestock products","384","Côte d'Ivoire","5510","Production","01640","Cocoa beans","1980","1980","t","417222","A","Official figure",""
"QCL","Crops and livestock products","384","Côte d'Ivoire","5412","Yield","01640","Cocoa beans","1981","1981","kg/ha","515.6","A","Official figure",""
"QCL","Crops and livestock products","384","Côte d'Ivoire","5510","Production","01640","Cocoa beans","1981","1981","t","464751","A","Official figure",""
"QCL","Crops and livestock products","384","Côte d'Ivoire","5412","Yield","01640","Cocoa beans","1982","1982","kg/ha","378.2","A","Official figure",""
"QCL","Crops and livestock products","384","Côte d'Ivoire","5510","Production","01640","Cocoa beans","1982","1982","t","360445","A","Official figure",""
"QCL","Crops and livestock products","384","Côte d'Ivoire","5412","Yield","01640","Cocoa beans","1983","1983","kg/ha","431.5","A","Official figure",""
"QCL","Crops and livestock products","384","Côte d'Ivoire","5510","Production","01640","Cocoa beans","1983","1983","t","411081","A","Official figure",""
"QCL","Crops and livestock products","384","Côte d'Ivoire","5412","Yield","01640","Cocoa beans","1984","1984","kg/ha","549.3","A","Official figure",""
"QCL","Crops and livestock products","384","Côte d'Ivoire","5510","Production","01640","Cocoa beans","1984","1984","t","565042","A","Official figure",""
"QCL","Crops and livestock products","384","Côte d'Ivoire","5412","Yield","01640","Cocoa beans","1985","1985","kg/ha","504.7","A","Official figure",""
"QCL","Crops and livestock products","384","Côte d'Ivoire","5510","Production","01640","Cocoa beans","1985","1985","t","555115","A","Official figure",""
"QCL","Crops and livestock products","384","Côte d'Ivoire","5412","Yield","01640","Cocoa beans","1986","1986","kg/ha","520.3","A","Official figure",""
"QCL","Crops and livestock products","384","Côte d'Ivoire","5510","Production","01640","Cocoa beans","1986","1986","t","610680","A","Official figure",""
"QCL","Crops and livestock products","384","Côte d'Ivoire","5412","Yield","01640","Cocoa beans","1987","1987","kg/ha","538.2","A","Official figure",""
"QCL","Crops and livestock products","384","Côte d'Ivoire","5510","Production","01640","Cocoa beans","1987","1987","t","664031","A","Official figure",""
"QCL","Crops and livestock products","384","Côte d'Ivoire","5412","Yield","01640","Cocoa beans","1988","1988","kg/ha","531.2","A","Official figure",""
"QCL","Crops and livestock products","384","Côte d'Ivoire","5510","Production","01640","Cocoa beans","1988","1988","t","832177","A","Official figure",""
"QCL","Crops and livestock products","384","Côte d'Ivoire","5412","Yield","01640","Cocoa beans","1989","1989","kg/ha","568.4","A","Official figure",""
"QCL","Crops and livestock products","384","Côte d'Ivoire","5510","Production","01640","Cocoa beans","1989","1989","t","780521","A","Official figure",""
"QCL","Crops and livestock products","384","Côte d'Ivoire","5412","Yield","01640","Cocoa beans","1990","1990","kg/ha","515.5","A","Official figure",""
"QCL","Crops and livestock products","384","Côte d'Ivoire","5510","Production","01640","Cocoa beans","1990","1990","t","807501","A","Official figure",""
"QCL","Crops and livestock products","384","Côte d'Ivoire","5412","Yield","01640","Cocoa beans","1991","1991","kg/ha","541.6","E","Estimated value",""
"QCL","Crops and livestock products","384","Côte d'Ivoire","5510","Production","01640","Cocoa beans","1991","1991","t","764708","A","Official figure",""
"QCL","Crops and livestock products","384","Côte d'Ivoire","5412","Yield","01640","Cocoa beans","1992","1992","kg/ha","560.7","E","Estimated value",""
"QCL","Crops and livestock products","384","Côte d'Ivoire","5510","Production","01640","Cocoa beans","1992","1992","t","813009","A","Official figure",""
"QCL","Crops and livestock products","384","Côte d'Ivoire","5412","Yield","01640","Cocoa beans","1993","1993","kg/ha","563.7","E","Estimated value",""
"QCL","Crops and livestock products","384","Côte d'Ivoire","5510","Production","01640","Cocoa beans","1993","1993","t","803799","A","Official figure",""
"QCL","Crops and livestock products","384","Côte d'Ivoire","5412","Yield","01640","Cocoa beans","1994","1994","kg/ha","539.1","E","Estimated value",""
"QCL","Crops and livestock products","384","Côte d'Ivoire","5510","Production","01640","Cocoa beans","1994","1994","t","808662","A","Official figure",""
"QCL","Crops and livestock products","384","Côte d'Ivoire","5412","Yield","01640","Cocoa beans","1995","1995","kg/ha","589.5","E","Estimated value",""
"QCL","Crops and livestock products","384","Côte d'Ivoire","5510","Production","01640","Cocoa beans","1995","1995","t","1120000","A","Official figure",""
"QCL","Crops and livestock products","384","Côte d'Ivoire","5412","Yield","01640","Cocoa beans","1996","1996","kg/ha","601.7","E","Estimated value",""
"QCL","Crops and livestock products","384","Côte d'Ivoire","5510","Production","01640","Cocoa beans","1996","1996","t","1235300","A","Official figure",""
"QCL","Crops and livestock products","384","Côte d'Ivoire","5412","Yield","01640","Cocoa beans","1997","1997","kg/ha","613.9","E","Estimated value",""
"QCL","Crops and livestock products","384","Côte d'Ivoire","5510","Production","01640","Cocoa beans","1997","1997","t","1119110","A","Official figure",""
"QCL","Crops and livestock products","384","Côte d'Ivoire","5412","Yield","01640","Cocoa beans","1998","1998","kg/ha","667.3","E","Estimated value",""
"QCL","Crops and livestock products","384","Côte d'Ivoire","5510","Production","01640","Cocoa beans","1998","1998","t","1201119","A","Official figure",""
"QCL","Crops and livestock products","384","Côte d'Ivoire","5412","Yield","01640","Cocoa beans","1999","1999","kg/ha","612.1","E","Estimated value",""
"QCL","Crops and livestock products","384","Côte d'Ivoire","5510","Production","01640","Cocoa beans","1999","1999","t","1163025","A","Official figure",""
"QCL","Crops and livestock products","384","Côte d'Ivoire","5412","Yield","01640","Cocoa beans","2000","2000","kg/ha","700.6","E","Estimated value",""
"QCL","Crops and livestock products","384","Côte d'Ivoire","5510","Production","01640","Cocoa beans","2000","2000","t","1401101","A","Official figure",""
"QCL","Crops and livestock products","384","Côte d'Ivoire","5412","Yield","01640","Cocoa beans","2001","2001","kg/ha","682.1","A","Official figure",""
"QCL","Crops and livestock products","384","Côte d'Ivoire","5510","Production","01640","Cocoa beans","2001","2001","t","1212428","A","Official figure",""
"QCL","Crops and livestock products","384","Côte d'Ivoire","5412","Yield","01640","Cocoa beans","2002","2002","kg/ha","672.7","E","Estimated value",""
"QCL","Crops and livestock products","384","Côte d'Ivoire","5510","Production","01640","Cocoa beans","2002","2002","t","1264708","A","Official figure",""
"QCL","Crops and livestock products","384","Côte d'Ivoire","5412","Yield","01640","Cocoa beans","2003","2003","kg/ha","675.8","E","Estimated value",""
"QCL","Crops and livestock products","384","Côte d'Ivoire","5510","Production","01640","Cocoa beans","2003","2003","t","1351546","A","Official figure",""
"QCL","Crops and livestock products","384","Côte d'Ivoire","5412","Yield","01640","Cocoa beans","2004","2004","kg/ha","686.4","E","Estimated value",""
"QCL","Crops and livestock products","384","Côte d'Ivoire","5510","Production","01640","Cocoa beans","2004","2004","t","1407213","A","Official figure",""
"QCL","Crops and livestock products","384","Côte d'Ivoire","5412","Yield","01640","Cocoa beans","2005","2005","kg/ha","586.4","A","Official figure",""
"QCL","Crops and livestock products","384","Côte d'Ivoire","5510","Production","01640","Cocoa beans","2005","2005","t","1286330","A","Official figure",""
"QCL","Crops and livestock products","384","Côte d'Ivoire","5412","Yield","01640","Cocoa beans","2006","2006","kg/ha","617.6","A","Official figure",""
"QCL","Crops and livestock products","384","Côte d'Ivoire","5510","Production","01640","Cocoa beans","2006","2006","t","1408854","A","Official figure",""
"QCL","Crops and livestock products","384","Côte d'Ivoire","5412","Yield","01640","Cocoa beans","2007","2007","kg/ha","518.4","A","Official figure",""
"QCL","Crops and livestock products","384","Côte d'Ivoire","5510","Production","01640","Cocoa beans","2007","2007","t","1229908","A","Official figure",""
"QCL","Crops and livestock products","384","Côte d'Ivoire","5412","Yield","01640","Cocoa beans","2008","2008","kg/ha","601.1","E","Estimated value",""
"QCL","Crops and livestock products","384","Côte d'Ivoire","5510","Production","01640","Cocoa beans","2008","2008","t","1382441","A","Official figure",""
"QCL","Crops and livestock products","384","Côte d'Ivoire","5412","Yield","01640","Cocoa beans","2009","2009","kg/ha","562.1","A","Official figure",""
"QCL","Crops and livestock products","384","Côte d'Ivoire","5510","Production","01640","Cocoa beans","2009","2009","t","1223153","A","Official figure",""
"QCL","Crops and livestock products","384","Côte d'Ivoire","5412","Yield","01640","Cocoa beans","2010","2010","kg/ha","571.1","E","Estimated value",""
"QCL","Crops and livestock products","384","Côte d'Ivoire","5510","Production","01640","Cocoa beans","2010","2010","t","1301347","A","Official figure",""
"QCL","Crops and livestock products","384","Côte d'Ivoire","5412","Yield","01640","Cocoa beans","2011","2011","kg/ha","562.8","E","Estimated value",""
"QCL","Crops and livestock products","384","Côte d'Ivoire","5510","Production","01640","Cocoa beans","2011","2011","t","1511255","A","Official figure",""
"QCL","Crops and livestock products","384","Côte d'Ivoire","5412","Yield","01640","Cocoa beans","2012","2012","kg/ha","541.1","E","Estimated value",""
"QCL","Crops and livestock products","384","Côte d'Ivoire","5510","Production","01640","Cocoa beans","2012","2012","t","1485882","A","Official figure",""
"QCL","Crops and livestock products","384","Côte d'Ivoire","5412","Yield","01640","Cocoa beans","2013","2013","kg/ha","530.5","E","Estimated value",""
"QCL","Crops and livestock products","384","Côte d'Ivoire","5510","Production","01640","Cocoa beans","2013","2013","t","1448992","A","Official figure",""
"QCL","Crops and livestock products","384","Côte d'Ivoire","5412","Yield","01640","Cocoa beans","2014","2014","kg/ha","531","E","Estimated value",""
"QCL","Crops and livestock products","384","Côte d'Ivoire","5510","Production","01640","Cocoa beans","2014","2014","t","1637777.56","I","Imputed value",""
"QCL","Crops and livestock products","384","Côte d'Ivoire","5412","Yield","01640","Cocoa beans","2015","2015","kg/ha","519.4","E","Estimated value",""
"QCL","Crops and livestock products","384","Côte d'Ivoire","5510","Production","01640","Cocoa beans","2015","2015","t","1796000","A","Official figure",""
"QCL","Crops and livestock products","384","Côte d'Ivoire","5412","Yield","01640","Cocoa beans","2016","2016","kg/ha","515.7","E","Estimated value",""
"QCL","Crops and livestock products","384","Côte d'Ivoire","5510","Production","01640","Cocoa beans","2016","2016","t","1634000","A","Official figure",""
"QCL","Crops and livestock products","384","Côte d'Ivoire","5412","Yield","01640","Cocoa beans","2017","2017","kg/ha","510.7","E","Estimated value",""
"QCL","Crops and livestock products","384","Côte d'Ivoire","5510","Production","01640","Cocoa beans","2017","2017","t","2034000","A","Official figure",""
"QCL","Crops and livestock products","384","Côte d'Ivoire","5412","Yield","01640","Cocoa beans","2018","2018","kg/ha","518.9","E","Estimated value",""
"QCL","Crops and livestock products","384","Côte d'Ivoire","5510","Production","01640","Cocoa beans","2018","2018","t","2113189","A","Official figure",""
"QCL","Crops and livestock products","384","Côte d'Ivoire","5412","Yield","01640","Cocoa beans","2019","2019","kg/ha","518.7","E","Estimated value",""
"QCL","Crops and livestock products","384","Côte d'Ivoire","5510","Production","01640","Cocoa beans","2019","2019","t","2235043","A","Official figure",""
"QCL","Crops and livestock products","384","Côte d'Ivoire","5412","Yield","01640","Cocoa beans","2020","2020","kg/ha","510.5","E","Estimated value",""
"QCL","Crops and livestock products","384","Côte d'Ivoire","5510","Production","01640","Cocoa beans","2020","2020","t","2200000","A","Official figure",""
"QCL","Crops and livestock products","384","Côte d'Ivoire","5412","Yield","01640","Cocoa beans","2021","2021","kg/ha","504.6","E","Estimated value",""
"QCL","Crops and livestock products","384","Côte d'Ivoire","5510","Production","01640","Cocoa beans","2021","2021","t","2228459","A","Official figure",""
"QCL","Crops and livestock products","384","Côte d'Ivoire","5412","Yield","01640","Cocoa beans","2022","2022","kg/ha","500.2","E","Estimated value",""
"QCL","Crops and livestock products","384","Côte d'Ivoire","5510","Production","01640","Cocoa beans","2022","2022","t","2358991","A","Official figure",""
"QCL","Crops and livestock products","384","Côte d'Ivoire","5412","Yield","01640","Cocoa beans","2023","2023","kg/ha","496.2","E","Estimated value",""
"QCL","Crops and livestock products","384","Côte d'Ivoire","5510","Production","01640","Cocoa beans","2023","2023","t","2377442.05","I","Imputed value",""
"QCL","Crops and livestock products","214","Dominican Republic","5412","Yield","01640","Cocoa beans","1961","1961","kg/ha","464.7","E","Estimated value",""
"QCL","Crops and livestock products","214","Dominican Republic","5510","Production","01640","Cocoa beans","1961","1961","t","34850","A","Official figure",""
"QCL","Crops and livestock products","214","Dominican Republic","5412","Yield","01640","Cocoa beans","1962","1962","kg/ha","443.1","E","Estimated value",""
"QCL","Crops and livestock products","214","Dominican Republic","5510","Production","01640","Cocoa beans","1962","1962","t","33230","A","Official figure",""
"QCL","Crops and livestock products","214","Dominican Republic","5412","Yield","01640","Cocoa beans","1963","1963","kg/ha","475.4","E","Estimated value",""
"QCL","Crops and livestock products","214","Dominican Republic","5510","Production","01640","Cocoa beans","1963","1963","t","38036","A","Official figure",""
"QCL","Crops and livestock products","214","Dominican Republic","5412","Yield","01640","Cocoa beans","1964","1964","kg/ha","515.3","E","Estimated value",""
"QCL","Crops and livestock products","214","Dominican Republic","5510","Production","01640","Cocoa beans","1964","1964","t","41223","A","Official figure",""
"QCL","Crops and livestock products","214","Dominican Republic","5412","Yield","01640","Cocoa beans","1965","1965","kg/ha","357.1","E","Estimated value",""
"QCL","Crops and livestock products","214","Dominican Republic","5510","Production","01640","Cocoa beans","1965","1965","t","25000","A","Official figure",""
"QCL","Crops and livestock products","214","Dominican Republic","5412","Yield","01640","Cocoa beans","1966","1966","kg/ha","373.2","E","Estimated value",""
"QCL","Crops and livestock products","214","Dominican Republic","5510","Production","01640","Cocoa beans","1966","1966","t","27990","A","Official figure",""
"QCL","Crops and livestock products","214","Dominican Republic","5412","Yield","01640","Cocoa beans","1967","1967","kg/ha","345.4","E","Estimated value",""
"QCL","Crops and livestock products","214","Dominican Republic","5510","Production","01640","Cocoa beans","1967","1967","t","25908","A","Official figure",""
"QCL","Crops and livestock products","214","Dominican Republic","5412","Yield","01640","Cocoa beans","1968","1968","kg/ha","363.5","E","Estimated value",""
"QCL","Crops and livestock products","214","Dominican Republic","5510","Production","01640","Cocoa beans","1968","1968","t","27266","A","Official figure",""
"QCL","Crops and livestock products","214","Dominican Republic","5412","Yield","01640","Cocoa beans","1969","1969","kg/ha","368.9","E","Estimated value",""
"QCL","Crops and livestock products","214","Dominican Republic","5510","Production","01640","Cocoa beans","1969","1969","t","25823","A","Official figure",""
"QCL","Crops and livestock products","214","Dominican Republic","5412","Yield","01640","Cocoa beans","1970","1970","kg/ha","360.2","E","Estimated value",""
"QCL","Crops and livestock products","214","Dominican Republic","5510","Production","01640","Cocoa beans","1970","1970","t","37924","A","Official figure",""
"QCL","Crops and livestock products","214","Dominican Republic","5412","Yield","01640","Cocoa beans","1971","1971","kg/ha","360","E","Estimated value",""
"QCL","Crops and livestock products","214","Dominican Republic","5510","Production","01640","Cocoa beans","1971","1971","t","32470","A","Official figure",""
"QCL","Crops and livestock products","214","Dominican Republic","5412","Yield","01640","Cocoa beans","1972","1972","kg/ha","354.9","E","Estimated value",""
"QCL","Crops and livestock products","214","Dominican Republic","5510","Production","01640","Cocoa beans","1972","1972","t","36093","A","Official figure",""
"QCL","Crops and livestock products","214","Dominican Republic","5412","Yield","01640","Cocoa beans","1973","1973","kg/ha","359","E","Estimated value",""
"QCL","Crops and livestock products","214","Dominican Republic","5510","Production","01640","Cocoa beans","1973","1973","t","35900","A","Official figure",""
"QCL","Crops and livestock products","214","Dominican Republic","5412","Yield","01640","Cocoa beans","1974","1974","kg/ha","357.9","E","Estimated value",""
"QCL","Crops and livestock products","214","Dominican Republic","5510","Production","01640","Cocoa beans","1974","1974","t","38300","A","Official figure",""
"QCL","Crops and livestock products","214","Dominican Republic","5412","Yield","01640","Cocoa beans","1975","1975","kg/ha","350","E","Estimated value",""
"QCL","Crops and livestock products","214","Dominican Republic","5510","Production","01640","Cocoa beans","1975","1975","t","30909","A","Official figure",""
"QCL","Crops and livestock products","214","Dominican Republic","5412","Yield","01640","Cocoa beans","1976","1976","kg/ha","349.9","E","Estimated value",""
"QCL","Crops and livestock products","214","Dominican Republic","5510","Production","01640","Cocoa beans","1976","1976","t","33100","A","Official figure",""
"QCL","Crops and livestock products","214","Dominican Republic","5412","Yield","01640","Cocoa beans","1977","1977","kg/ha","350","E","Estimated value",""
"QCL","Crops and livestock products","214","Dominican Republic","5510","Production","01640","Cocoa beans","1977","1977","t","34474","A","Official figure",""
"QCL","Crops and livestock products","214","Dominican Republic","5412","Yield","01640","Cocoa beans","1978","1978","kg/ha","391.8","A","Official figure",""
"QCL","Crops and livestock products","214","Dominican Republic","5510","Production","01640","Cocoa beans","1978","1978","t","36960","A","Official figure",""
"QCL","Crops and livestock products","214","Dominican Republic","5412","Yield","01640","Cocoa beans","1979","1979","kg/ha","359.6","A","Official figure",""
"QCL","Crops and livestock products","214","Dominican Republic","5510","Production","01640","Cocoa beans","1979","1979","t","35916","A","Official figure",""
"QCL","Crops and livestock products","214","Dominican Republic","5412","Yield","01640","Cocoa beans","1980","1980","kg/ha","299.8","E","Estimated value",""
"QCL","Crops and livestock products","214","Dominican Republic","5510","Production","01640","Cocoa beans","1980","1980","t","28481","A","Official figure",""
"QCL","Crops and livestock products","214","Dominican Republic","5412","Yield","01640","Cocoa beans","1981","1981","kg/ha","329.1","E","Estimated value",""
"QCL","Crops and livestock products","214","Dominican Republic","5510","Production","01640","Cocoa beans","1981","1981","t","31920","A","Official figure",""
"QCL","Crops and livestock products","214","Dominican Republic","5412","Yield","01640","Cocoa beans","1982","1982","kg/ha","258.7","E","Estimated value",""
"QCL","Crops and livestock products","214","Dominican Republic","5510","Production","01640","Cocoa beans","1982","1982","t","34921","A","Official figure",""
"QCL","Crops and livestock products","214","Dominican Republic","5412","Yield","01640","Cocoa beans","1983","1983","kg/ha","305.9","E","Estimated value",""
"QCL","Crops and livestock products","214","Dominican Republic","5510","Production","01640","Cocoa beans","1983","1983","t","42826","A","Official figure",""
"QCL","Crops and livestock products","214","Dominican Republic","5412","Yield","01640","Cocoa beans","1984","1984","kg/ha","340.8","E","Estimated value",""
"QCL","Crops and livestock products","214","Dominican Republic","5510","Production","01640","Cocoa beans","1984","1984","t","42596","A","Official figure",""
"QCL","Crops and livestock products","214","Dominican Republic","5412","Yield","01640","Cocoa beans","1985","1985","kg/ha","294","A","Official figure",""
"QCL","Crops and livestock products","214","Dominican Republic","5510","Production","01640","Cocoa beans","1985","1985","t","34506","A","Official figure",""
"QCL","Crops and livestock products","214","Dominican Republic","5412","Yield","01640","Cocoa beans","1986","1986","kg/ha","285.3","E","Estimated value",""
"QCL","Crops and livestock products","214","Dominican Republic","5510","Production","01640","Cocoa beans","1986","1986","t","36231","A","Official figure",""
"QCL","Crops and livestock products","214","Dominican Republic","5412","Yield","01640","Cocoa beans","1987","1987","kg/ha","240.6","A","Official figure",""
"QCL","Crops and livestock products","214","Dominican Republic","5510","Production","01640","Cocoa beans","1987","1987","t","43102","A","Official figure",""
"QCL","Crops and livestock products","214","Dominican Republic","5412","Yield","01640","Cocoa beans","1988","1988","kg/ha","319.1","E","Estimated value",""
"QCL","Crops and livestock products","214","Dominican Republic","5510","Production","01640","Cocoa beans","1988","1988","t","41481","A","Official figure",""
"QCL","Crops and livestock products","214","Dominican Republic","5412","Yield","01640","Cocoa beans","1989","1989","kg/ha","409","E","Estimated value",""
"QCL","Crops and livestock products","214","Dominican Republic","5510","Production","01640","Cocoa beans","1989","1989","t","48668","A","Official figure",""
"QCL","Crops and livestock products","214","Dominican Republic","5412","Yield","01640","Cocoa beans","1990","1990","kg/ha","356.7","E","Estimated value",""
"QCL","Crops and livestock products","214","Dominican Republic","5510","Production","01640","Cocoa beans","1990","1990","t","43157","A","Official figure",""
"QCL","Crops and livestock products","214","Dominican Republic","5412","Yield","01640","Cocoa beans","1991","1991","kg/ha","401.1","A","Official figure",""
"QCL","Crops and livestock products","214","Dominican Republic","5510","Production","01640","Cocoa beans","1991","1991","t","48860","A","Official figure",""
"QCL","Crops and livestock products","214","Dominican Republic","5412","Yield","01640","Cocoa beans","1992","1992","kg/ha","416.3","E","Estimated value",""
"QCL","Crops and livestock products","214","Dominican Republic","5510","Production","01640","Cocoa beans","1992","1992","t","50376","A","Official figure",""
"QCL","Crops and livestock products","214","Dominican Republic","5412","Yield","01640","Cocoa beans","1993","1993","kg/ha","446.1","E","Estimated value",""
"QCL","Crops and livestock products","214","Dominican Republic","5510","Production","01640","Cocoa beans","1993","1993","t","53980","A","Official figure",""
"QCL","Crops and livestock products","214","Dominican Republic","5412","Yield","01640","Cocoa beans","1994","1994","kg/ha","492.8","A","Official figure",""
"QCL","Crops and livestock products","214","Dominican Republic","5510","Production","01640","Cocoa beans","1994","1994","t","62385.29","A","Official figure",""
"QCL","Crops and livestock products","214","Dominican Republic","5412","Yield","01640","Cocoa beans","1995","1995","kg/ha","387.6","A","Official figure",""
"QCL","Crops and livestock products","214","Dominican Republic","5510","Production","01640","Cocoa beans","1995","1995","t","59397.9","A","Official figure",""
"QCL","Crops and livestock products","214","Dominican Republic","5412","Yield","01640","Cocoa beans","1996","1996","kg/ha","459.7","A","Official figure",""
"QCL","Crops and livestock products","214","Dominican Republic","5510","Production","01640","Cocoa beans","1996","1996","t","62937.81","A","Official figure",""
"QCL","Crops and livestock products","214","Dominican Republic","5412","Yield","01640","Cocoa beans","1997","1997","kg/ha","370.3","A","Official figure",""
"QCL","Crops and livestock products","214","Dominican Republic","5510","Production","01640","Cocoa beans","1997","1997","t","52455.59","A","Official figure",""
"QCL","Crops and livestock products","214","Dominican Republic","5412","Yield","01640","Cocoa beans","1998","1998","kg/ha","387","A","Official figure",""
"QCL","Crops and livestock products","214","Dominican Republic","5510","Production","01640","Cocoa beans","1998","1998","t","59291.48","A","Official figure",""
"QCL","Crops and livestock products","214","Dominican Republic","5412","Yield","01640","Cocoa beans","1999","1999","kg/ha","236.7","A","Official figure",""
"QCL","Crops and livestock products","214","Dominican Republic","5510","Production","01640","Cocoa beans","1999","1999","t","25861.38","A","Official figure",""
"QCL","Crops and livestock products","214","Dominican Republic","5412","Yield","01640","Cocoa beans","2000","2000","kg/ha","242.2","A","Official figure",""
"QCL","Crops and livestock products","214","Dominican Republic","5510","Production","01640","Cocoa beans","2000","2000","t","37107.09","A","Official figure",""
"QCL","Crops and livestock products","214","Dominican Republic","5412","Yield","01640","Cocoa beans","2001","2001","kg/ha","357","A","Official figure",""
"QCL","Crops and livestock products","214","Dominican Republic","5510","Production","01640","Cocoa beans","2001","2001","t","44908.01","A","Official figure",""
"QCL","Crops and livestock products","214","Dominican Republic","5412","Yield","01640","Cocoa beans","2002","2002","kg/ha","361.5","A","Official figure",""
"QCL","Crops and livestock products","214","Dominican Republic","5510","Production","01640","Cocoa beans","2002","2002","t","45468","A","Official figure",""
"QCL","Crops and livestock products","214","Dominican Republic","5412","Yield","01640","Cocoa beans","2003","2003","kg/ha","371.2","A","Official figure",""
"QCL","Crops and livestock products","214","Dominican Republic","5510","Production","01640","Cocoa beans","2003","2003","t","46697.72","A","Official figure",""
"QCL","Crops and livestock products","214","Dominican Republic","5412","Yield","01640","Cocoa beans","2004","2004","kg/ha","376.2","A","Official figure",""
"QCL","Crops and livestock products","214","Dominican Republic","5510","Production","01640","Cocoa beans","2004","2004","t","47317.56","A","Official figure",""
"QCL","Crops and livestock products","214","Dominican Republic","5412","Yield","01640","Cocoa beans","2005","2005","kg/ha","204.7","A","Official figure",""
"QCL","Crops and livestock products","214","Dominican Republic","5510","Production","01640","Cocoa beans","2005","2005","t","31361","A","Official figure",""
"QCL","Crops and livestock products","214","Dominican Republic","5412","Yield","01640","Cocoa beans","2006","2006","kg/ha","299.7","A","Official figure",""
"QCL","Crops and livestock products","214","Dominican Republic","5510","Production","01640","Cocoa beans","2006","2006","t","45912.23","A","Official figure",""
"QCL","Crops and livestock products","214","Dominican Republic","5412","Yield","01640","Cocoa beans","2007","2007","kg/ha","275.1","A","Official figure",""
"QCL","Crops and livestock products","214","Dominican Republic","5510","Production","01640","Cocoa beans","2007","2007","t","42154.31","A","Official figure",""
"QCL","Crops and livestock products","214","Dominican Republic","5412","Yield","01640","Cocoa beans","2008","2008","kg/ha","295.6","A","Official figure",""
"QCL","Crops and livestock products","214","Dominican Republic","5510","Production","01640","Cocoa beans","2008","2008","t","45291","A","Official figure",""
"QCL","Crops and livestock products","214","Dominican Republic","5412","Yield","01640","Cocoa beans","2009","2009","kg/ha","358.9","A","Official figure",""
"QCL","Crops and livestock products","214","Dominican Republic","5510","Production","01640","Cocoa beans","2009","2009","t","54994","A","Official figure",""
"QCL","Crops and livestock products","214","Dominican Republic","5412","Yield","01640","Cocoa beans","2010","2010","kg/ha","380.7","A","Official figure",""
"QCL","Crops and livestock products","214","Dominican Republic","5510","Production","01640","Cocoa beans","2010","2010","t","58334","A","Official figure",""
"QCL","Crops and livestock products","214","Dominican Republic","5412","Yield","01640","Cocoa beans","2011","2011","kg/ha","354.3","A","Official figure",""
"QCL","Crops and livestock products","214","Dominican Republic","5510","Production","01640","Cocoa beans","2011","2011","t","54279","A","Official figure",""
"QCL","Crops and livestock products","214","Dominican Republic","5412","Yield","01640","Cocoa beans","2012","2012","kg/ha","478.5","A","Official figure",""
"QCL","Crops and livestock products","214","Dominican Republic","5510","Production","01640","Cocoa beans","2012","2012","t","72225","A","Official figure",""
"QCL","Crops and livestock products","214","Dominican Republic","5412","Yield","01640","Cocoa beans","2013","2013","kg/ha","450.6","A","Official figure",""
"QCL","Crops and livestock products","214","Dominican Republic","5510","Production","01640","Cocoa beans","2013","2013","t","68020.57","A","Official figure",""
"QCL","Crops and livestock products","214","Dominican Republic","5412","Yield","01640","Cocoa beans","2014","2014","kg/ha","463.2","A","Official figure",""
"QCL","Crops and livestock products","214","Dominican Republic","5510","Production","01640","Cocoa beans","2014","2014","t","69913.3","A","Official figure",""
"QCL","Crops and livestock products","214","Dominican Republic","5412","Yield","01640","Cocoa beans","2015","2015","kg/ha","500.2","A","Official figure",""
"QCL","Crops and livestock products","214","Dominican Republic","5510","Production","01640","Cocoa beans","2015","2015","t","75499.98","A","Official figure",""
"QCL","Crops and livestock products","214","Dominican Republic","5412","Yield","01640","Cocoa beans","2016","2016","kg/ha","538.3","A","Official figure",""
"QCL","Crops and livestock products","214","Dominican Republic","5510","Production","01640","Cocoa beans","2016","2016","t","81245.84","A","Official figure",""
"QCL","Crops and livestock products","214","Dominican Republic","5412","Yield","01640","Cocoa beans","2017","2017","kg/ha","573.7","A","Official figure",""
"QCL","Crops and livestock products","214","Dominican Republic","5510","Production","01640","Cocoa beans","2017","2017","t","86599","A","Official figure",""
"QCL","Crops and livestock products","214","Dominican Republic","5412","Yield","01640","Cocoa beans","2018","2018","kg/ha","561.2","A","Official figure",""
"QCL","Crops and livestock products","214","Dominican Republic","5510","Production","01640","Cocoa beans","2018","2018","t","85991.33","A","Official figure",""
"QCL","Crops and livestock products","214","Dominican Republic","5412","Yield","01640","Cocoa beans","2019","2019","kg/ha","504.2","A","Official figure",""
"QCL","Crops and livestock products","214","Dominican Republic","5510","Production","01640","Cocoa beans","2019","2019","t","76112.56","A","Official figure",""
"QCL","Crops and livestock products","214","Dominican Republic","5412","Yield","01640","Cocoa beans","2020","2020","kg/ha","449.1","A","Official figure",""
"QCL","Crops and livestock products","214","Dominican Republic","5510","Production","01640","Cocoa beans","2020","2020","t","77681.23","A","Official figure",""
"QCL","Crops and livestock products","214","Dominican Republic","5412","Yield","01640","Cocoa beans","2021","2021","kg/ha","454.4","A","Official figure",""
"QCL","Crops and livestock products","214","Dominican Republic","5510","Production","01640","Cocoa beans","2021","2021","t","70630.86","A","Official figure",""
"QCL","Crops and livestock products","214","Dominican Republic","5412","Yield","01640","Cocoa beans","2022","2022","kg/ha","454.4","A","Official figure",""
"QCL","Crops and livestock products","214","Dominican Republic","5510","Production","01640","Cocoa beans","2022","2022","t","88655.67","A","Official figure",""
"QCL","Crops and livestock products","214","Dominican Republic","5412","Yield","01640","Cocoa beans","2023","2023","kg/ha","453.9","A","Official figure",""
"QCL","Crops and livestock products","214","Dominican Republic","5510","Production","01640","Cocoa beans","2023","2023","t","65930.13","A","Official figure",""
"QCL","Crops and livestock products","360","Indonesia","5412","Yield","01640","Cocoa beans","1961","1961","kg/ha","154.1","A","Official figure",""
"QCL","Crops and livestock products","360","Indonesia","5510","Production","01640","Cocoa beans","1961","1961","t","1031","A","Official figure",""
"QCL","Crops and livestock products","360","Indonesia","5412","Yield","01640","Cocoa beans","1962","1962","kg/ha","121.6","A","Official figure",""
"QCL","Crops and livestock products","360","Indonesia","5510","Production","01640","Cocoa beans","1962","1962","t","897","A","Official figure",""
"QCL","Crops and livestock products","360","Indonesia","5412","Yield","01640","Cocoa beans","1963","1963","kg/ha","123.7","A","Official figure",""
"QCL","Crops and livestock products","360","Indonesia","5510","Production","01640","Cocoa beans","1963","1963","t","824","A","Official figure",""
"QCL","Crops and livestock products","360","Indonesia","5412","Yield","01640","Cocoa beans","1964","1964","kg/ha","123.3","A","Official figure",""
"QCL","Crops and livestock products","360","Indonesia","5510","Production","01640","Cocoa beans","1964","1964","t","945","A","Official figure",""
"QCL","Crops and livestock products","360","Indonesia","5412","Yield","01640","Cocoa beans","1965","1965","kg/ha","131.7","A","Official figure",""
"QCL","Crops and livestock products","360","Indonesia","5510","Production","01640","Cocoa beans","1965","1965","t","1110","A","Official figure",""
"QCL","Crops and livestock products","360","Indonesia","5412","Yield","01640","Cocoa beans","1966","1966","kg/ha","150.6","E","Estimated value",""
"QCL","Crops and livestock products","360","Indonesia","5510","Production","01640","Cocoa beans","1966","1966","t","1172","A","Official figure",""
"QCL","Crops and livestock products","360","Indonesia","5412","Yield","01640","Cocoa beans","1967","1967","kg/ha","134.4","E","Estimated value",""
"QCL","Crops and livestock products","360","Indonesia","5510","Production","01640","Cocoa beans","1967","1967","t","1233","A","Official figure",""
"QCL","Crops and livestock products","360","Indonesia","5412","Yield","01640","Cocoa beans","1968","1968","kg/ha","127.1","E","Estimated value",""
"QCL","Crops and livestock products","360","Indonesia","5510","Production","01640","Cocoa beans","1968","1968","t","1204","A","Official figure",""
"QCL","Crops and livestock products","360","Indonesia","5412","Yield","01640","Cocoa beans","1969","1969","kg/ha","175.6","E","Estimated value",""
"QCL","Crops and livestock products","360","Indonesia","5510","Production","01640","Cocoa beans","1969","1969","t","1763","A","Official figure",""
"QCL","Crops and livestock products","360","Indonesia","5412","Yield","01640","Cocoa beans","1970","1970","kg/ha","214.4","E","Estimated value",""
"QCL","Crops and livestock products","360","Indonesia","5510","Production","01640","Cocoa beans","1970","1970","t","1738","A","Official figure",""
"QCL","Crops and livestock products","360","Indonesia","5412","Yield","01640","Cocoa beans","1971","1971","kg/ha","219.3","E","Estimated value",""
"QCL","Crops and livestock products","360","Indonesia","5510","Production","01640","Cocoa beans","1971","1971","t","2009","A","Official figure",""
"QCL","Crops and livestock products","360","Indonesia","5412","Yield","01640","Cocoa beans","1972","1972","kg/ha","169.8","E","Estimated value",""
"QCL","Crops and livestock products","360","Indonesia","5510","Production","01640","Cocoa beans","1972","1972","t","1801","A","Official figure",""
"QCL","Crops and livestock products","360","Indonesia","5412","Yield","01640","Cocoa beans","1973","1973","kg/ha","225.4","A","Official figure",""
"QCL","Crops and livestock products","360","Indonesia","5510","Production","01640","Cocoa beans","1973","1973","t","1813","A","Official figure",""
"QCL","Crops and livestock products","360","Indonesia","5412","Yield","01640","Cocoa beans","1974","1974","kg/ha","369","A","Official figure",""
"QCL","Crops and livestock products","360","Indonesia","5510","Production","01640","Cocoa beans","1974","1974","t","3191","A","Official figure",""
"QCL","Crops and livestock products","360","Indonesia","5412","Yield","01640","Cocoa beans","1975","1975","kg/ha","531.6","A","Official figure",""
"QCL","Crops and livestock products","360","Indonesia","5510","Production","01640","Cocoa beans","1975","1975","t","3921","A","Official figure",""
"QCL","Crops and livestock products","360","Indonesia","5412","Yield","01640","Cocoa beans","1976","1976","kg/ha","444.2","A","Official figure",""
"QCL","Crops and livestock products","360","Indonesia","5510","Production","01640","Cocoa beans","1976","1976","t","3909","A","Official figure",""
"QCL","Crops and livestock products","360","Indonesia","5412","Yield","01640","Cocoa beans","1977","1977","kg/ha","429.7","A","Official figure",""
"QCL","Crops and livestock products","360","Indonesia","5510","Production","01640","Cocoa beans","1977","1977","t","4816","A","Official figure",""
"QCL","Crops and livestock products","360","Indonesia","5412","Yield","01640","Cocoa beans","1978","1978","kg/ha","437.8","A","Official figure",""
"QCL","Crops and livestock products","360","Indonesia","5510","Production","01640","Cocoa beans","1978","1978","t","5496","A","Official figure",""
"QCL","Crops and livestock products","360","Indonesia","5412","Yield","01640","Cocoa beans","1979","1979","kg/ha","539.5","A","Official figure",""
"QCL","Crops and livestock products","360","Indonesia","5510","Production","01640","Cocoa beans","1979","1979","t","8632","A","Official figure",""
"QCL","Crops and livestock products","360","Indonesia","5412","Yield","01640","Cocoa beans","1980","1980","kg/ha","531.3","A","Official figure",""
"QCL","Crops and livestock products","360","Indonesia","5510","Production","01640","Cocoa beans","1980","1980","t","10284","A","Official figure",""
"QCL","Crops and livestock products","360","Indonesia","5412","Yield","01640","Cocoa beans","1981","1981","kg/ha","583.9","E","Estimated value",""
"QCL","Crops and livestock products","360","Indonesia","5510","Production","01640","Cocoa beans","1981","1981","t","13137","A","Official figure",""
"QCL","Crops and livestock products","360","Indonesia","5412","Yield","01640","Cocoa beans","1982","1982","kg/ha","750.4","A","Official figure",""
"QCL","Crops and livestock products","360","Indonesia","5510","Production","01640","Cocoa beans","1982","1982","t","17260","A","Official figure",""
"QCL","Crops and livestock products","360","Indonesia","5412","Yield","01640","Cocoa beans","1983","1983","kg/ha","677.2","A","Official figure",""
"QCL","Crops and livestock products","360","Indonesia","5510","Production","01640","Cocoa beans","1983","1983","t","19640","A","Official figure",""
"QCL","Crops and livestock products","360","Indonesia","5412","Yield","01640","Cocoa beans","1984","1984","kg/ha","615.2","A","Official figure",""
"QCL","Crops and livestock products","360","Indonesia","5510","Production","01640","Cocoa beans","1984","1984","t","26502","A","Official figure",""
"QCL","Crops and livestock products","360","Indonesia","5412","Yield","01640","Cocoa beans","1985","1985","kg/ha","999.2","A","Official figure",""
"QCL","Crops and livestock products","360","Indonesia","5510","Production","01640","Cocoa beans","1985","1985","t","33798","A","Official figure",""
"QCL","Crops and livestock products","360","Indonesia","5412","Yield","01640","Cocoa beans","1986","1986","kg/ha","678","A","Official figure",""
"QCL","Crops and livestock products","360","Indonesia","5510","Production","01640","Cocoa beans","1986","1986","t","34327","A","Official figure",""
"QCL","Crops and livestock products","360","Indonesia","5412","Yield","01640","Cocoa beans","1987","1987","kg/ha","813.9","A","Official figure",""
"QCL","Crops and livestock products","360","Indonesia","5510","Production","01640","Cocoa beans","1987","1987","t","50199","A","Official figure",""
"QCL","Crops and livestock products","360","Indonesia","5412","Yield","01640","Cocoa beans","1988","1988","kg/ha","737.5","A","Official figure",""
"QCL","Crops and livestock products","360","Indonesia","5510","Production","01640","Cocoa beans","1988","1988","t","79335","A","Official figure",""
"QCL","Crops and livestock products","360","Indonesia","5412","Yield","01640","Cocoa beans","1989","1989","kg/ha","818.5","A","Official figure",""
"QCL","Crops and livestock products","360","Indonesia","5510","Production","01640","Cocoa beans","1989","1989","t","110509","A","Official figure",""
"QCL","Crops and livestock products","360","Indonesia","5412","Yield","01640","Cocoa beans","1990","1990","kg/ha","896.3","A","Official figure",""
"QCL","Crops and livestock products","360","Indonesia","5510","Production","01640","Cocoa beans","1990","1990","t","142347","A","Official figure",""
"QCL","Crops and livestock products","360","Indonesia","5412","Yield","01640","Cocoa beans","1991","1991","kg/ha","950.8","A","Official figure",""
"QCL","Crops and livestock products","360","Indonesia","5510","Production","01640","Cocoa beans","1991","1991","t","174899","A","Official figure",""
"QCL","Crops and livestock products","360","Indonesia","5412","Yield","01640","Cocoa beans","1992","1992","kg/ha","1092.6","A","Official figure",""
"QCL","Crops and livestock products","360","Indonesia","5510","Production","01640","Cocoa beans","1992","1992","t","207147","A","Official figure",""
"QCL","Crops and livestock products","360","Indonesia","5412","Yield","01640","Cocoa beans","1993","1993","kg/ha","861.5","A","Official figure",""
"QCL","Crops and livestock products","360","Indonesia","5510","Production","01640","Cocoa beans","1993","1993","t","258059","A","Official figure",""
"QCL","Crops and livestock products","360","Indonesia","5412","Yield","01640","Cocoa beans","1994","1994","kg/ha","673.1","A","Official figure",""
"QCL","Crops and livestock products","360","Indonesia","5510","Production","01640","Cocoa beans","1994","1994","t","241701","A","Official figure",""
"QCL","Crops and livestock products","360","Indonesia","5412","Yield","01640","Cocoa beans","1995","1995","kg/ha","743.9","A","Official figure",""
"QCL","Crops and livestock products","360","Indonesia","5510","Production","01640","Cocoa beans","1995","1995","t","278400","A","Official figure",""
"QCL","Crops and livestock products","360","Indonesia","5412","Yield","01640","Cocoa beans","1996","1996","kg/ha","880","A","Official figure",""
"QCL","Crops and livestock products","360","Indonesia","5510","Production","01640","Cocoa beans","1996","1996","t","350800","A","Official figure",""
"QCL","Crops and livestock products","360","Indonesia","5412","Yield","01640","Cocoa beans","1997","1997","kg/ha","852.8","A","Official figure",""
"QCL","Crops and livestock products","360","Indonesia","5510","Production","01640","Cocoa beans","1997","1997","t","329700","A","Official figure",""
"QCL","Crops and livestock products","360","Indonesia","5412","Yield","01640","Cocoa beans","1998","1998","kg/ha","1132.3","A","Official figure",""
"QCL","Crops and livestock products","360","Indonesia","5510","Production","01640","Cocoa beans","1998","1998","t","456499","A","Official figure",""
"QCL","Crops and livestock products","360","Indonesia","5412","Yield","01640","Cocoa beans","1999","1999","kg/ha","550.2","A","Official figure",""
"QCL","Crops and livestock products","360","Indonesia","5510","Production","01640","Cocoa beans","1999","1999","t","367475","A","Official figure",""
"QCL","Crops and livestock products","360","Indonesia","5412","Yield","01640","Cocoa beans","2000","2000","kg/ha","561.6","A","Official figure",""
"QCL","Crops and livestock products","360","Indonesia","5510","Production","01640","Cocoa beans","2000","2000","t","421142","A","Official figure",""
"QCL","Crops and livestock products","360","Indonesia","5412","Yield","01640","Cocoa beans","2001","2001","kg/ha","701.3","A","Official figure",""
"QCL","Crops and livestock products","360","Indonesia","5510","Production","01640","Cocoa beans","2001","2001","t","536804","A","Official figure",""
"QCL","Crops and livestock products","360","Indonesia","5412","Yield","01640","Cocoa beans","2002","2002","kg/ha","797","A","Official figure",""
"QCL","Crops and livestock products","360","Indonesia","5510","Production","01640","Cocoa beans","2002","2002","t","619192","A","Official figure",""
"QCL","Crops and livestock products","360","Indonesia","5412","Yield","01640","Cocoa beans","2003","2003","kg/ha","723.5","A","Official figure",""
"QCL","Crops and livestock products","360","Indonesia","5510","Production","01640","Cocoa beans","2003","2003","t","695361","A","Official figure",""
"QCL","Crops and livestock products","360","Indonesia","5412","Yield","01640","Cocoa beans","2004","2004","kg/ha","634","A","Official figure",""
"QCL","Crops and livestock products","360","Indonesia","5510","Production","01640","Cocoa beans","2004","2004","t","691704","A","Official figure",""
"QCL","Crops and livestock products","360","Indonesia","5412","Yield","01640","Cocoa beans","2005","2005","kg/ha","641.6","A","Official figure",""
"QCL","Crops and livestock products","360","Indonesia","5510","Production","01640","Cocoa beans","2005","2005","t","748827","A","Official figure",""
"QCL","Crops and livestock products","360","Indonesia","5412","Yield","01640","Cocoa beans","2006","2006","kg/ha","849.5","A","Official figure",""
"QCL","Crops and livestock products","360","Indonesia","5510","Production","01640","Cocoa beans","2006","2006","t","769386","A","Official figure",""
"QCL","Crops and livestock products","360","Indonesia","5412","Yield","01640","Cocoa beans","2007","2007","kg/ha","800.9","A","Official figure",""
"QCL","Crops and livestock products","360","Indonesia","5510","Production","01640","Cocoa beans","2007","2007","t","740006","A","Official figure",""
"QCL","Crops and livestock products","360","Indonesia","5412","Yield","01640","Cocoa beans","2008","2008","kg/ha","563.8","A","Official figure",""
"QCL","Crops and livestock products","360","Indonesia","5510","Production","01640","Cocoa beans","2008","2008","t","803593","A","Official figure",""
"QCL","Crops and livestock products","360","Indonesia","5412","Yield","01640","Cocoa beans","2009","2009","kg/ha","510.1","A","Official figure",""
"QCL","Crops and livestock products","360","Indonesia","5510","Production","01640","Cocoa beans","2009","2009","t","809583","A","Official figure",""
"QCL","Crops and livestock products","360","Indonesia","5412","Yield","01640","Cocoa beans","2010","2010","kg/ha","511.4","A","Official figure",""
"QCL","Crops and livestock products","360","Indonesia","5510","Production","01640","Cocoa beans","2010","2010","t","844626","A","Official figure",""
"QCL","Crops and livestock products","360","Indonesia","5412","Yield","01640","Cocoa beans","2011","2011","kg/ha","411.1","A","Official figure",""
"QCL","Crops and livestock products","360","Indonesia","5510","Production","01640","Cocoa beans","2011","2011","t","712200","A","Official figure",""
"QCL","Crops and livestock products","360","Indonesia","5412","Yield","01640","Cocoa beans","2012","2012","kg/ha","399.6","A","Official figure",""
"QCL","Crops and livestock products","360","Indonesia","5510","Production","01640","Cocoa beans","2012","2012","t","740500","A","Official figure",""
"QCL","Crops and livestock products","360","Indonesia","5412","Yield","01640","Cocoa beans","2013","2013","kg/ha","414.2","A","Official figure",""
"QCL","Crops and livestock products","360","Indonesia","5510","Production","01640","Cocoa beans","2013","2013","t","720900","A","Official figure",""
"QCL","Crops and livestock products","360","Indonesia","5412","Yield","01640","Cocoa beans","2014","2014","kg/ha","421.7","A","Official figure",""
"QCL","Crops and livestock products","360","Indonesia","5510","Production","01640","Cocoa beans","2014","2014","t","728400","A","Official figure",""
"QCL","Crops and livestock products","360","Indonesia","5412","Yield","01640","Cocoa beans","2015","2015","kg/ha","347.1","A","Official figure",""
"QCL","Crops and livestock products","360","Indonesia","5510","Production","01640","Cocoa beans","2015","2015","t","593331","A","Official figure",""
"QCL","Crops and livestock products","360","Indonesia","5412","Yield","01640","Cocoa beans","2016","2016","kg/ha","386.1","A","Official figure",""
"QCL","Crops and livestock products","360","Indonesia","5510","Production","01640","Cocoa beans","2016","2016","t","656817","A","Official figure",""
"QCL","Crops and livestock products","360","Indonesia","5412","Yield","01640","Cocoa beans","2017","2017","kg/ha","356.2","A","Official figure",""
"QCL","Crops and livestock products","360","Indonesia","5510","Production","01640","Cocoa beans","2017","2017","t","590684","A","Official figure",""
"QCL","Crops and livestock products","360","Indonesia","5412","Yield","01640","Cocoa beans","2018","2018","kg/ha","476.3","A","Official figure",""
"QCL","Crops and livestock products","360","Indonesia","5510","Production","01640","Cocoa beans","2018","2018","t","767280","A","Official figure",""
"QCL","Crops and livestock products","360","Indonesia","5412","Yield","01640","Cocoa beans","2019","2019","kg/ha","470.7","A","Official figure",""
"QCL","Crops and livestock products","360","Indonesia","5510","Production","01640","Cocoa beans","2019","2019","t","734795","A","Official figure",""
"QCL","Crops and livestock products","360","Indonesia","5412","Yield","01640","Cocoa beans","2020","2020","kg/ha","477.6","A","Official figure",""
"QCL","Crops and livestock products","360","Indonesia","5510","Production","01640","Cocoa beans","2020","2020","t","720660","A","Official figure",""
"QCL","Crops and livestock products","360","Indonesia","5412","Yield","01640","Cocoa beans","2021","2021","kg/ha","457.9","A","Official figure",""
"QCL","Crops and livestock products","360","Indonesia","5510","Production","01640","Cocoa beans","2021","2021","t","650611.69","A","Official figure",""
"QCL","Crops and livestock products","360","Indonesia","5412","Yield","01640","Cocoa beans","2022","2022","kg/ha","457.9","A","Official figure",""
"QCL","Crops and livestock products","360","Indonesia","5510","Production","01640","Cocoa beans","2022","2022","t","650611.69","A","Official figure",""
"QCL","Crops and livestock products","360","Indonesia","5412","Yield","01640","Cocoa beans","2023","2023","kg/ha","454.9","A","Official figure",""
"QCL","Crops and livestock products","360","Indonesia","5510","Production","01640","Cocoa beans","2023","2023","t","641741.02","A","Official figure",""
"QCL","Crops and livestock products","604","Peru","5412","Yield","01640","Cocoa beans","1961","1961","kg/ha","480","A","Official figure",""
"QCL","Crops and livestock products","604","Peru","5510","Production","01640","Cocoa beans","1961","1961","t","2688","A","Official figure",""
"QCL","Crops and livestock products","604","Peru","5412","Yield","01640","Cocoa beans","1962","1962","kg/ha","448","E","Estimated value",""
"QCL","Crops and livestock products","604","Peru","5510","Production","01640","Cocoa beans","1962","1962","t","2464","A","Official figure",""
"QCL","Crops and livestock products","604","Peru","5412","Yield","01640","Cocoa beans","1963","1963","kg/ha","480.2","A","Official figure",""
"QCL","Crops and livestock products","604","Peru","5510","Production","01640","Cocoa beans","1963","1963","t","2670","A","Official figure",""
"QCL","Crops and livestock products","604","Peru","5412","Yield","01640","Cocoa beans","1964","1964","kg/ha","561.8","A","Official figure",""
"QCL","Crops and livestock products","604","Peru","5510","Production","01640","Cocoa beans","1964","1964","t","2674","A","Official figure",""
"QCL","Crops and livestock products","604","Peru","5412","Yield","01640","Cocoa beans","1965","1965","kg/ha","384.9","A","Official figure",""
"QCL","Crops and livestock products","604","Peru","5510","Production","01640","Cocoa beans","1965","1965","t","1836","A","Official figure",""
"QCL","Crops and livestock products","604","Peru","5412","Yield","01640","Cocoa beans","1966","1966","kg/ha","488.5","A","Official figure",""
"QCL","Crops and livestock products","604","Peru","5510","Production","01640","Cocoa beans","1966","1966","t","2149","A","Official figure",""
"QCL","Crops and livestock products","604","Peru","5412","Yield","01640","Cocoa beans","1967","1967","kg/ha","523","A","Official figure",""
"QCL","Crops and livestock products","604","Peru","5510","Production","01640","Cocoa beans","1967","1967","t","2301","A","Official figure",""
"QCL","Crops and livestock products","604","Peru","5412","Yield","01640","Cocoa beans","1968","1968","kg/ha","489.5","A","Official figure",""
"QCL","Crops and livestock products","604","Peru","5510","Production","01640","Cocoa beans","1968","1968","t","1795","A","Official figure",""
"QCL","Crops and livestock products","604","Peru","5412","Yield","01640","Cocoa beans","1969","1969","kg/ha","570.1","A","Official figure",""
"QCL","Crops and livestock products","604","Peru","5510","Production","01640","Cocoa beans","1969","1969","t","2412","A","Official figure",""
"QCL","Crops and livestock products","604","Peru","5412","Yield","01640","Cocoa beans","1970","1970","kg/ha","495.6","A","Official figure",""
"QCL","Crops and livestock products","604","Peru","5510","Production","01640","Cocoa beans","1970","1970","t","2107","A","Official figure",""
"QCL","Crops and livestock products","604","Peru","5412","Yield","01640","Cocoa beans","1971","1971","kg/ha","504.9","A","Official figure",""
"QCL","Crops and livestock products","604","Peru","5510","Production","01640","Cocoa beans","1971","1971","t","2173","A","Official figure",""
"QCL","Crops and livestock products","604","Peru","5412","Yield","01640","Cocoa beans","1972","1972","kg/ha","509.2","A","Official figure",""
"QCL","Crops and livestock products","604","Peru","5510","Production","01640","Cocoa beans","1972","1972","t","2231","A","Official figure",""
"QCL","Crops and livestock products","604","Peru","5412","Yield","01640","Cocoa beans","1973","1973","kg/ha","511.4","A","Official figure",""
"QCL","Crops and livestock products","604","Peru","5510","Production","01640","Cocoa beans","1973","1973","t","2406","A","Official figure",""
"QCL","Crops and livestock products","604","Peru","5412","Yield","01640","Cocoa beans","1974","1974","kg/ha","510.6","A","Official figure",""
"QCL","Crops and livestock products","604","Peru","5510","Production","01640","Cocoa beans","1974","1974","t","2545","A","Official figure",""
"QCL","Crops and livestock products","604","Peru","5412","Yield","01640","Cocoa beans","1975","1975","kg/ha","509.1","A","Official figure",""
"QCL","Crops and livestock products","604","Peru","5510","Production","01640","Cocoa beans","1975","1975","t","2658","A","Official figure",""
"QCL","Crops and livestock products","604","Peru","5412","Yield","01640","Cocoa beans","1976","1976","kg/ha","505.2","A","Official figure",""
"QCL","Crops and livestock products","604","Peru","5510","Production","01640","Cocoa beans","1976","1976","t","2607","A","Official figure",""
"QCL","Crops and livestock products","604","Peru","5412","Yield","01640","Cocoa beans","1977","1977","kg/ha","512.2","A","Official figure",""
"QCL","Crops and livestock products","604","Peru","5510","Production","01640","Cocoa beans","1977","1977","t","3998","A","Official figure",""
"QCL","Crops and livestock products","604","Peru","5412","Yield","01640","Cocoa beans","1978","1978","kg/ha","495.8","A","Official figure",""
"QCL","Crops and livestock products","604","Peru","5510","Production","01640","Cocoa beans","1978","1978","t","4039","A","Official figure",""
"QCL","Crops and livestock products","604","Peru","5412","Yield","01640","Cocoa beans","1979","1979","kg/ha","499.5","A","Official figure",""
"QCL","Crops and livestock products","604","Peru","5510","Production","01640","Cocoa beans","1979","1979","t","4262","A","Official figure",""
"QCL","Crops and livestock products","604","Peru","5412","Yield","01640","Cocoa beans","1980","1980","kg/ha","512.9","A","Official figure",""
"QCL","Crops and livestock products","604","Peru","5510","Production","01640","Cocoa beans","1980","1980","t","4420","A","Official figure",""
"QCL","Crops and livestock products","604","Peru","5412","Yield","01640","Cocoa beans","1981","1981","kg/ha","528.8","A","Official figure",""
"QCL","Crops and livestock products","604","Peru","5510","Production","01640","Cocoa beans","1981","1981","t","5312","A","Official figure",""
"QCL","Crops and livestock products","604","Peru","5412","Yield","01640","Cocoa beans","1982","1982","kg/ha","575.3","A","Official figure",""
"QCL","Crops and livestock products","604","Peru","5510","Production","01640","Cocoa beans","1982","1982","t","6045","A","Official figure",""
"QCL","Crops and livestock products","604","Peru","5412","Yield","01640","Cocoa beans","1983","1983","kg/ha","522","A","Official figure",""
"QCL","Crops and livestock products","604","Peru","5510","Production","01640","Cocoa beans","1983","1983","t","6145","A","Official figure",""
"QCL","Crops and livestock products","604","Peru","5412","Yield","01640","Cocoa beans","1984","1984","kg/ha","485.4","A","Official figure",""
"QCL","Crops and livestock products","604","Peru","5510","Production","01640","Cocoa beans","1984","1984","t","6501","A","Official figure",""
"QCL","Crops and livestock products","604","Peru","5412","Yield","01640","Cocoa beans","1985","1985","kg/ha","451.7","A","Official figure",""
"QCL","Crops and livestock products","604","Peru","5510","Production","01640","Cocoa beans","1985","1985","t","8033","A","Official figure",""
"QCL","Crops and livestock products","604","Peru","5412","Yield","01640","Cocoa beans","1986","1986","kg/ha","487.4","A","Official figure",""
"QCL","Crops and livestock products","604","Peru","5510","Production","01640","Cocoa beans","1986","1986","t","11082","A","Official figure",""
"QCL","Crops and livestock products","604","Peru","5412","Yield","01640","Cocoa beans","1987","1987","kg/ha","476.6","A","Official figure",""
"QCL","Crops and livestock products","604","Peru","5510","Production","01640","Cocoa beans","1987","1987","t","14080","A","Official figure",""
"QCL","Crops and livestock products","604","Peru","5412","Yield","01640","Cocoa beans","1988","1988","kg/ha","513.3","A","Official figure",""
"QCL","Crops and livestock products","604","Peru","5510","Production","01640","Cocoa beans","1988","1988","t","16658","A","Official figure",""
"QCL","Crops and livestock products","604","Peru","5412","Yield","01640","Cocoa beans","1989","1989","kg/ha","542.2","A","Official figure",""
"QCL","Crops and livestock products","604","Peru","5510","Production","01640","Cocoa beans","1989","1989","t","17813","A","Official figure",""
"QCL","Crops and livestock products","604","Peru","5412","Yield","01640","Cocoa beans","1990","1990","kg/ha","477.1","A","Official figure",""
"QCL","Crops and livestock products","604","Peru","5510","Production","01640","Cocoa beans","1990","1990","t","14796","A","Official figure",""
"QCL","Crops and livestock products","604","Peru","5412","Yield","01640","Cocoa beans","1991","1991","kg/ha","537","A","Official figure",""
"QCL","Crops and livestock products","604","Peru","5510","Production","01640","Cocoa beans","1991","1991","t","15473","A","Official figure",""
"QCL","Crops and livestock products","604","Peru","5412","Yield","01640","Cocoa beans","1992","1992","kg/ha","535.7","E","Estimated value",""
"QCL","Crops and livestock products","604","Peru","5510","Production","01640","Cocoa beans","1992","1992","t","15000","E","Estimated value",""
"QCL","Crops and livestock products","604","Peru","5412","Yield","01640","Cocoa beans","1993","1993","kg/ha","530.1","A","Official figure",""
"QCL","Crops and livestock products","604","Peru","5510","Production","01640","Cocoa beans","1993","1993","t","14970","A","Official figure",""
"QCL","Crops and livestock products","604","Peru","5412","Yield","01640","Cocoa beans","1994","1994","kg/ha","568.4","A","Official figure",""
"QCL","Crops and livestock products","604","Peru","5510","Production","01640","Cocoa beans","1994","1994","t","13446","A","Official figure",""
"QCL","Crops and livestock products","604","Peru","5412","Yield","01640","Cocoa beans","1995","1995","kg/ha","625","A","Official figure",""
"QCL","Crops and livestock products","604","Peru","5510","Production","01640","Cocoa beans","1995","1995","t","22704","A","Official figure",""
"QCL","Crops and livestock products","604","Peru","5412","Yield","01640","Cocoa beans","1996","1996","kg/ha","710.2","A","Official figure",""
"QCL","Crops and livestock products","604","Peru","5510","Production","01640","Cocoa beans","1996","1996","t","22867","A","Official figure",""
"QCL","Crops and livestock products","604","Peru","5412","Yield","01640","Cocoa beans","1997","1997","kg/ha","609.5","A","Official figure",""
"QCL","Crops and livestock products","604","Peru","5510","Production","01640","Cocoa beans","1997","1997","t","19504","A","Official figure",""
"QCL","Crops and livestock products","604","Peru","5412","Yield","01640","Cocoa beans","1998","1998","kg/ha","636.3","A","Official figure",""
"QCL","Crops and livestock products","604","Peru","5510","Production","01640","Cocoa beans","1998","1998","t","22134","A","Official figure",""
"QCL","Crops and livestock products","604","Peru","5412","Yield","01640","Cocoa beans","1999","1999","kg/ha","609.9","A","Official figure",""
"QCL","Crops and livestock products","604","Peru","5510","Production","01640","Cocoa beans","1999","1999","t","20964","A","Official figure",""
"QCL","Crops and livestock products","604","Peru","5412","Yield","01640","Cocoa beans","2000","2000","kg/ha","606.7","A","Official figure",""
"QCL","Crops and livestock products","604","Peru","5510","Production","01640","Cocoa beans","2000","2000","t","25049","A","Official figure",""
"QCL","Crops and livestock products","604","Peru","5412","Yield","01640","Cocoa beans","2001","2001","kg/ha","517.2","A","Official figure",""
"QCL","Crops and livestock products","604","Peru","5510","Production","01640","Cocoa beans","2001","2001","t","23652","A","Official figure",""
"QCL","Crops and livestock products","604","Peru","5412","Yield","01640","Cocoa beans","2002","2002","kg/ha","517.3","A","Official figure",""
"QCL","Crops and livestock products","604","Peru","5510","Production","01640","Cocoa beans","2002","2002","t","24219","A","Official figure",""
"QCL","Crops and livestock products","604","Peru","5412","Yield","01640","Cocoa beans","2003","2003","kg/ha","486.4","A","Official figure",""
"QCL","Crops and livestock products","604","Peru","5510","Production","01640","Cocoa beans","2003","2003","t","24214","A","Official figure",""
"QCL","Crops and livestock products","604","Peru","5412","Yield","01640","Cocoa beans","2004","2004","kg/ha","509.5","A","Official figure",""
"QCL","Crops and livestock products","604","Peru","5510","Production","01640","Cocoa beans","2004","2004","t","25921","A","Official figure",""
"QCL","Crops and livestock products","604","Peru","5412","Yield","01640","Cocoa beans","2005","2005","kg/ha","502","A","Official figure",""
"QCL","Crops and livestock products","604","Peru","5510","Production","01640","Cocoa beans","2005","2005","t","25257","A","Official figure",""
"QCL","Crops and livestock products","604","Peru","5412","Yield","01640","Cocoa beans","2006","2006","kg/ha","558.3","A","Official figure",""
"QCL","Crops and livestock products","604","Peru","5510","Production","01640","Cocoa beans","2006","2006","t","31676","A","Official figure",""
"QCL","Crops and livestock products","604","Peru","5412","Yield","01640","Cocoa beans","2007","2007","kg/ha","524.6","A","Official figure",""
"QCL","Crops and livestock products","604","Peru","5510","Production","01640","Cocoa beans","2007","2007","t","31387","A","Official figure",""
"QCL","Crops and livestock products","604","Peru","5412","Yield","01640","Cocoa beans","2008","2008","kg/ha","534.4","A","Official figure",""
"QCL","Crops and livestock products","604","Peru","5510","Production","01640","Cocoa beans","2008","2008","t","34003","A","Official figure",""
"QCL","Crops and livestock products","604","Peru","5412","Yield","01640","Cocoa beans","2009","2009","kg/ha","554.8","A","Official figure",""
"QCL","Crops and livestock products","604","Peru","5510","Production","01640","Cocoa beans","2009","2009","t","36803","A","Official figure",""
"QCL","Crops and livestock products","604","Peru","5412","Yield","01640","Cocoa beans","2010","2010","kg/ha","603.9","A","Official figure",""
"QCL","Crops and livestock products","604","Peru","5510","Production","01640","Cocoa beans","2010","2010","t","46613","A","Official figure",""
"QCL","Crops and livestock products","604","Peru","5412","Yield","01640","Cocoa beans","2011","2011","kg/ha","671.2","A","Official figure",""
"QCL","Crops and livestock products","604","Peru","5510","Production","01640","Cocoa beans","2011","2011","t","56499","A","Official figure",""
"QCL","Crops and livestock products","604","Peru","5412","Yield","01640","Cocoa beans","2012","2012","kg/ha","744","A","Official figure",""
"QCL","Crops and livestock products","604","Peru","5510","Production","01640","Cocoa beans","2012","2012","t","62491.58","A","Official figure",""
"QCL","Crops and livestock products","604","Peru","5412","Yield","01640","Cocoa beans","2013","2013","kg/ha","728.8","A","Official figure",""
"QCL","Crops and livestock products","604","Peru","5510","Production","01640","Cocoa beans","2013","2013","t","71175.41","A","Official figure",""
"QCL","Crops and livestock products","604","Peru","5412","Yield","01640","Cocoa beans","2014","2014","kg/ha","765.7","A","Official figure",""
"QCL","Crops and livestock products","604","Peru","5510","Production","01640","Cocoa beans","2014","2014","t","81651","A","Official figure",""
"QCL","Crops and livestock products","604","Peru","5412","Yield","01640","Cocoa beans","2015","2015","kg/ha","769.2","A","Official figure",""
"QCL","Crops and livestock products","604","Peru","5510","Production","01640","Cocoa beans","2015","2015","t","92592","A","Official figure",""
"QCL","Crops and livestock products","604","Peru","5412","Yield","01640","Cocoa beans","2016","2016","kg/ha","859.4","A","Official figure",""
"QCL","Crops and livestock products","604","Peru","5510","Production","01640","Cocoa beans","2016","2016","t","107921.51","A","Official figure",""
"QCL","Crops and livestock products","604","Peru","5412","Yield","01640","Cocoa beans","2017","2017","kg/ha","827","A","Official figure",""
"QCL","Crops and livestock products","604","Peru","5510","Production","01640","Cocoa beans","2017","2017","t","121814","A","Official figure",""
"QCL","Crops and livestock products","604","Peru","5412","Yield","01640","Cocoa beans","2018","2018","kg/ha","839.5","A","Official figure",""
"QCL","Crops and livestock products","604","Peru","5510","Production","01640","Cocoa beans","2018","2018","t","134675.74","A","Official figure",""
"QCL","Crops and livestock products","604","Peru","5412","Yield","01640","Cocoa beans","2019","2019","kg/ha","833.9","A","Official figure",""
"QCL","Crops and livestock products","604","Peru","5510","Production","01640","Cocoa beans","2019","2019","t","141775.25","A","Official figure",""
"QCL","Crops and livestock products","604","Peru","5412","Yield","01640","Cocoa beans","2020","2020","kg/ha","894.6","A","Official figure",""
"QCL","Crops and livestock products","604","Peru","5510","Production","01640","Cocoa beans","2020","2020","t","158943.58","A","Official figure",""
"QCL","Crops and livestock products","604","Peru","5412","Yield","01640","Cocoa beans","2021","2021","kg/ha","877.2","A","Official figure",""
"QCL","Crops and livestock products","604","Peru","5510","Production","01640","Cocoa beans","2021","2021","t","160521.54","A","Official figure",""
"QCL","Crops and livestock products","604","Peru","5412","Yield","01640","Cocoa beans","2022","2022","kg/ha","902.3","A","Official figure",""
"QCL","Crops and livestock products","604","Peru","5510","Production","01640","Cocoa beans","2022","2022","t","172058.33","A","Official figure",""
"QCL","Crops and livestock products","604","Peru","5412","Yield","01640","Cocoa beans","2023","2023","kg/ha","841.2","A","Official figure",""
"QCL","Crops and livestock products","604","Peru","5510","Production","01640","Cocoa beans","2023","2023","t","166708.8","A","Official figure",""
