"Area","Year","kgha","Date","STATION"
"Colombia",1961,433.3,1961-12-31,"Colombia"
"Colombia",1962,441.2,1962-12-31,"Colombia"
"Colombia",1963,448.6,1963-12-31,"Colombia"
"Colombia",1964,443.2,1964-12-31,"Colombia"
"Colombia",1965,457.2,1965-12-31,"Colombia"
"Colombia",1966,468.4,1966-12-31,"Colombia"
"Colombia",1967,459.5,1967-12-31,"Colombia"
"Colombia",1968,461.5,1968-12-31,"Colombia"
"Colombia",1969,447.9,1969-12-31,"Colombia"
"Colombia",1970,415.8,1970-12-31,"Colombia"
"Colombia",1971,428.6,1971-12-31,"Colombia"
"Colombia",1972,418.3,1972-12-31,"Colombia"
"Colombia",1973,418.9,1973-12-31,"Colombia"
"Colombia",1974,423.1,1974-12-31,"Colombia"
"Colombia",1975,494.3,1975-12-31,"Colombia"
"Colombia",1976,535.8,1976-12-31,"Colombia"
"Colombia",1977,469.6,1977-12-31,"Colombia"
"Colombia",1978,512.4,1978-12-31,"Colombia"
"Colombia",1979,515.2,1979-12-31,"Colombia"
"Colombia",1980,554.3,1980-12-31,"Colombia"
"Colombia",1981,563.2,1981-12-31,"Colombia"
"Colombia",1982,509.7,1982-12-31,"Colombia"
"Colombia",1983,493.3,1983-12-31,"Colombia"
"Colombia",1984,476.9,1984-12-31,"Colombia"
"Colombia",1985,464,1985-12-31,"Colombia"
"Colombia",1986,481.9,1986-12-31,"Colombia"
"Colombia",1987,512.3,1987-12-31,"Colombia"
"Colombia",1988,481.8,1988-12-31,"Colombia"
"Colombia",1989,469,1989-12-31,"Colombia"
"Colombia",1990,465.2,1990-12-31,"Colombia"
"Colombia",1991,465.1,1991-12-31,"Colombia"
"Colombia",1992,458.3,1992-12-31,"Colombia"
"Colombia",1993,457.4,1993-12-31,"Colombia"
"Colombia",1994,466.4,1994-12-31,"Colombia"
"Colombia",1995,465.6,1995-12-31,"Colombia"
"Colombia",1996,438,1996-12-31,"Colombia"
"Colombia",1997,459,1997-12-31,"Colombia"
"Colombia",1998,531.2,1998-12-31,"Colombia"
"Colombia",1999,526.5,1999-12-31,"Colombia"
"Colombia",2000,441.8,2000-12-31,"Colombia"
"Colombia",2001,449.9,2001-12-31,"Colombia"
"Colombia",2002,407.7,2002-12-31,"Colombia"
"Colombia",2003,480.5,2003-12-31,"Colombia"
"Colombia",2004,526,2004-12-31,"Colombia"
"Colombia",2005,460,2005-12-31,"Colombia"
"Colombia",2006,456,2006-12-31,"Colombia"
"Colombia",2007,459,2007-12-31,"Colombia"
"Colombia",2008,491.9,2008-12-31,"Colombia"
"Colombia",2009,470.1,2009-12-31,"Colombia"
"Colombia",2010,413.4,2010-12-31,"Colombia"
"Colombia",2011,375,2011-12-31,"Colombia"
"Colombia",2012,275.7,2012-12-31,"Colombia"
"Colombia",2013,301.2,2013-12-31,"Colombia"
"Colombia",2014,358,2014-12-31,"Colombia"
"Colombia",2015,400.7,2015-12-31,"Colombia"
"Colombia",2016,402.3,2016-12-31,"Colombia"
"Colombia",2017,857.3,2017-12-31,"Colombia"
"Colombia",2018,926.6,2018-12-31,"Colombia"
"Colombia",2019,867,2019-12-31,"Colombia"
"Colombia",2020,336.7,2020-12-31,"Colombia"
"Colombia",2021,355.1,2021-12-31,"Colombia"
"Colombia",2022,327.1,2022-12-31,"Colombia"
"Colombia",2023,313.6,2023-12-31,"Colombia"
"Ivory_Coast",1961,326.9,1961-12-31,"Ivory_Coast"
"Ivory_Coast",1962,397.1,1962-12-31,"Ivory_Coast"
"Ivory_Coast",1963,393.8,1963-12-31,"Ivory_Coast"
"Ivory_Coast",1964,451.5,1964-12-31,"Ivory_Coast"
"Ivory_Coast",1965,372.4,1965-12-31,"Ivory_Coast"
"Ivory_Coast",1966,436.6,1966-12-31,"Ivory_Coast"
"Ivory_Coast",1967,409.6,1967-12-31,"Ivory_Coast"
"Ivory_Coast",1968,389.3,1968-12-31,"Ivory_Coast"
"Ivory_Coast",1969,467.2,1969-12-31,"Ivory_Coast"
"Ivory_Coast",1970,443.1,1970-12-31,"Ivory_Coast"
"Ivory_Coast",1971,534.1,1971-12-31,"Ivory_Coast"
"Ivory_Coast",1972,421,1972-12-31,"Ivory_Coast"
"Ivory_Coast",1973,419.6,1973-12-31,"Ivory_Coast"
"Ivory_Coast",1974,512.8,1974-12-31,"Ivory_Coast"
"Ivory_Coast",1975,464.1,1975-12-31,"Ivory_Coast"
"Ivory_Coast",1976,441.7,1976-12-31,"Ivory_Coast"
"Ivory_Coast",1977,435,1977-12-31,"Ivory_Coast"
"Ivory_Coast",1978,430.2,1978-12-31,"Ivory_Coast"
"Ivory_Coast",1979,506.9,1979-12-31,"Ivory_Coast"
"Ivory_Coast",1980,498.7,1980-12-31,"Ivory_Coast"
"Ivory_Coast",1981,515.6,1981-12-31,"Ivory_Coast"
"Ivory_Coast",1982,378.2,1982-12-31,"Ivory_Coast"
"Ivory_Coast",1983,431.5,1983-12-31,"Ivory_Coast"
"Ivory_Coast",1984,549.3,1984-12-31,"Ivory_Coast"
"Ivory_Coast",1985,504.7,1985-12-31,"Ivory_Coast"
"Ivory_Coast",1986,520.3,1986-12-31,"Ivory_Coast"
"Ivory_Coast",1987,538.2,1987-12-31,"Ivory_Coast"
"Ivory_Coast",1988,531.2,1988-12-31,"Ivory_Coast"
"Ivory_Coast",1989,568.4,1989-12-31,"Ivory_Coast"
"Ivory_Coast",1990,515.5,1990-12-31,"Ivory_Coast"
"Ivory_Coast",1991,541.6,1991-12-31,"Ivory_Coast"
"Ivory_Coast",1992,560.7,1992-12-31,"Ivory_Coast"
"Ivory_Coast",1993,563.7,1993-12-31,"Ivory_Coast"
"Ivory_Coast",1994,539.1,1994-12-31,"Ivory_Coast"
"Ivory_Coast",1995,589.5,1995-12-31,"Ivory_Coast"
"Ivory_Coast",1996,601.7,1996-12-31,"Ivory_Coast"
"Ivory_Coast",1997,613.9,1997-12-31,"Ivory_Coast"
"Ivory_Coast",1998,667.3,1998-12-31,"Ivory_Coast"
"Ivory_Coast",1999,612.1,1999-12-31,"Ivory_Coast"
"Ivory_Coast",2000,700.6,2000-12-31,"Ivory_Coast"
"Ivory_Coast",2001,682.1,2001-12-31,"Ivory_Coast"
"Ivory_Coast",2002,672.7,2002-12-31,"Ivory_Coast"
"Ivory_Coast",2003,675.8,2003-12-31,"Ivory_Coast"
"Ivory_Coast",2004,686.4,2004-12-31,"Ivory_Coast"
"Ivory_Coast",2005,586.4,2005-12-31,"Ivory_Coast"
"Ivory_Coast",2006,617.6,2006-12-31,"Ivory_Coast"
"Ivory_Coast",2007,518.4,2007-12-31,"Ivory_Coast"
"Ivory_Coast",2008,601.1,2008-12-31,"Ivory_Coast"
"Ivory_Coast",2009,562.1,2009-12-31,"Ivory_Coast"
"Ivory_Coast",2010,571.1,2010-12-31,"Ivory_Coast"
"Ivory_Coast",2011,562.8,2011-12-31,"Ivory_Coast"
"Ivory_Coast",2012,541.1,2012-12-31,"Ivory_Coast"
"Ivory_Coast",2013,530.5,2013-12-31,"Ivory_Coast"
"Ivory_Coast",2014,531,2014-12-31,"Ivory_Coast"
"Ivory_Coast",2015,519.4,2015-12-31,"Ivory_Coast"
"Ivory_Coast",2016,515.7,2016-12-31,"Ivory_Coast"
"Ivory_Coast",2017,510.7,2017-12-31,"Ivory_Coast"
"Ivory_Coast",2018,518.9,2018-12-31,"Ivory_Coast"
"Ivory_Coast",2019,518.7,2019-12-31,"Ivory_Coast"
"Ivory_Coast",2020,510.5,2020-12-31,"Ivory_Coast"
"Ivory_Coast",2021,504.6,2021-12-31,"Ivory_Coast"
"Ivory_Coast",2022,500.2,2022-12-31,"Ivory_Coast"
"Ivory_Coast",2023,496.2,2023-12-31,"Ivory_Coast"
"Dom_Rep",1961,464.7,1961-12-31,"Dom_Rep"
"Dom_Rep",1962,443.1,1962-12-31,"Dom_Rep"
"Dom_Rep",1963,475.4,1963-12-31,"Dom_Rep"
"Dom_Rep",1964,515.3,1964-12-31,"Dom_Rep"
"Dom_Rep",1965,357.1,1965-12-31,"Dom_Rep"
"Dom_Rep",1966,373.2,1966-12-31,"Dom_Rep"
"Dom_Rep",1967,345.4,1967-12-31,"Dom_Rep"
"Dom_Rep",1968,363.5,1968-12-31,"Dom_Rep"
"Dom_Rep",1969,368.9,1969-12-31,"Dom_Rep"
"Dom_Rep",1970,360.2,1970-12-31,"Dom_Rep"
"Dom_Rep",1971,360,1971-12-31,"Dom_Rep"
"Dom_Rep",1972,354.9,1972-12-31,"Dom_Rep"
"Dom_Rep",1973,359,1973-12-31,"Dom_Rep"
"Dom_Rep",1974,357.9,1974-12-31,"Dom_Rep"
"Dom_Rep",1975,350,1975-12-31,"Dom_Rep"
"Dom_Rep",1976,349.9,1976-12-31,"Dom_Rep"
"Dom_Rep",1977,350,1977-12-31,"Dom_Rep"
"Dom_Rep",1978,391.8,1978-12-31,"Dom_Rep"
"Dom_Rep",1979,359.6,1979-12-31,"Dom_Rep"
"Dom_Rep",1980,299.8,1980-12-31,"Dom_Rep"
"Dom_Rep",1981,329.1,1981-12-31,"Dom_Rep"
"Dom_Rep",1982,258.7,1982-12-31,"Dom_Rep"
"Dom_Rep",1983,305.9,1983-12-31,"Dom_Rep"
"Dom_Rep",1984,340.8,1984-12-31,"Dom_Rep"
"Dom_Rep",1985,294,1985-12-31,"Dom_Rep"
"Dom_Rep",1986,285.3,1986-12-31,"Dom_Rep"
"Dom_Rep",1987,240.6,1987-12-31,"Dom_Rep"
"Dom_Rep",1988,319.1,1988-12-31,"Dom_Rep"
"Dom_Rep",1989,409,1989-12-31,"Dom_Rep"
"Dom_Rep",1990,356.7,1990-12-31,"Dom_Rep"
"Dom_Rep",1991,401.1,1991-12-31,"Dom_Rep"
"Dom_Rep",1992,416.3,1992-12-31,"Dom_Rep"
"Dom_Rep",1993,446.1,1993-12-31,"Dom_Rep"
"Dom_Rep",1994,492.8,1994-12-31,"Dom_Rep"
"Dom_Rep",1995,387.6,1995-12-31,"Dom_Rep"
"Dom_Rep",1996,459.7,1996-12-31,"Dom_Rep"
"Dom_Rep",1997,370.3,1997-12-31,"Dom_Rep"
"Dom_Rep",1998,387,1998-12-31,"Dom_Rep"
"Dom_Rep",1999,236.7,1999-12-31,"Dom_Rep"
"Dom_Rep",2000,242.2,2000-12-31,"Dom_Rep"
"Dom_Rep",2001,357,2001-12-31,"Dom_Rep"
"Dom_Rep",2002,361.5,2002-12-31,"Dom_Rep"
"Dom_Rep",2003,371.2,2003-12-31,"Dom_Rep"
"Dom_Rep",2004,376.2,2004-12-31,"Dom_Rep"
"Dom_Rep",2005,204.7,2005-12-31,"Dom_Rep"
"Dom_Rep",2006,299.7,2006-12-31,"Dom_Rep"
"Dom_Rep",2007,275.1,2007-12-31,"Dom_Rep"
"Dom_Rep",2008,295.6,2008-12-31,"Dom_Rep"
"Dom_Rep",2009,358.9,2009-12-31,"Dom_Rep"
"Dom_Rep",2010,380.7,2010-12-31,"Dom_Rep"
"Dom_Rep",2011,354.3,2011-12-31,"Dom_Rep"
"Dom_Rep",2012,478.5,2012-12-31,"Dom_Rep"
"Dom_Rep",2013,450.6,2013-12-31,"Dom_Rep"
"Dom_Rep",2014,463.2,2014-12-31,"Dom_Rep"
"Dom_Rep",2015,500.2,2015-12-31,"Dom_Rep"
"Dom_Rep",2016,538.3,2016-12-31,"Dom_Rep"
"Dom_Rep",2017,573.7,2017-12-31,"Dom_Rep"
"Dom_Rep",2018,561.2,2018-12-31,"Dom_Rep"
"Dom_Rep",2019,504.2,2019-12-31,"Dom_Rep"
"Dom_Rep",2020,449.1,2020-12-31,"Dom_Rep"
"Dom_Rep",2021,454.4,2021-12-31,"Dom_Rep"
"Dom_Rep",2022,454.4,2022-12-31,"Dom_Rep"
"Dom_Rep",2023,453.9,2023-12-31,"Dom_Rep"
"Indonesia",1961,154.1,1961-12-31,"Indonesia"
"Indonesia",1962,121.6,1962-12-31,"Indonesia"
"Indonesia",1963,123.7,1963-12-31,"Indonesia"
"Indonesia",1964,123.3,1964-12-31,"Indonesia"
"Indonesia",1965,131.7,1965-12-31,"Indonesia"
"Indonesia",1966,150.6,1966-12-31,"Indonesia"
"Indonesia",1967,134.4,1967-12-31,"Indonesia"
"Indonesia",1968,127.1,1968-12-31,"Indonesia"
"Indonesia",1969,175.6,1969-12-31,"Indonesia"
"Indonesia",1970,214.4,1970-12-31,"Indonesia"
"Indonesia",1971,219.3,1971-12-31,"Indonesia"
"Indonesia",1972,169.8,1972-12-31,"Indonesia"
"Indonesia",1973,225.4,1973-12-31,"Indonesia"
"Indonesia",1974,369,1974-12-31,"Indonesia"
"Indonesia",1975,531.6,1975-12-31,"Indonesia"
"Indonesia",1976,444.2,1976-12-31,"Indonesia"
"Indonesia",1977,429.7,1977-12-31,"Indonesia"
"Indonesia",1978,437.8,1978-12-31,"Indonesia"
"Indonesia",1979,539.5,1979-12-31,"Indonesia"
"Indonesia",1980,531.3,1980-12-31,"Indonesia"
"Indonesia",1981,583.9,1981-12-31,"Indonesia"
"Indonesia",1982,750.4,1982-12-31,"Indonesia"
"Indonesia",1983,677.2,1983-12-31,"Indonesia"
"Indonesia",1984,615.2,1984-12-31,"Indonesia"
"Indonesia",1985,999.2,1985-12-31,"Indonesia"
"Indonesia",1986,678,1986-12-31,"Indonesia"
"Indonesia",1987,813.9,1987-12-31,"Indonesia"
"Indonesia",1988,737.5,1988-12-31,"Indonesia"
"Indonesia",1989,818.5,1989-12-31,"Indonesia"
"Indonesia",1990,896.3,1990-12-31,"Indonesia"
"Indonesia",1991,950.8,1991-12-31,"Indonesia"
"Indonesia",1992,1092.6,1992-12-31,"Indonesia"
"Indonesia",1993,861.5,1993-12-31,"Indonesia"
"Indonesia",1994,673.1,1994-12-31,"Indonesia"
"Indonesia",1995,743.9,1995-12-31,"Indonesia"
"Indonesia",1996,880,1996-12-31,"Indonesia"
"Indonesia",1997,852.8,1997-12-31,"Indonesia"
"Indonesia",1998,1132.3,1998-12-31,"Indonesia"
"Indonesia",1999,550.2,1999-12-31,"Indonesia"
"Indonesia",2000,561.6,2000-12-31,"Indonesia"
"Indonesia",2001,701.3,2001-12-31,"Indonesia"
"Indonesia",2002,797,2002-12-31,"Indonesia"
"Indonesia",2003,723.5,2003-12-31,"Indonesia"
"Indonesia",2004,634,2004-12-31,"Indonesia"
"Indonesia",2005,641.6,2005-12-31,"Indonesia"
"Indonesia",2006,849.5,2006-12-31,"Indonesia"
"Indonesia",2007,800.9,2007-12-31,"Indonesia"
"Indonesia",2008,563.8,2008-12-31,"Indonesia"
"Indonesia",2009,510.1,2009-12-31,"Indonesia"
"Indonesia",2010,511.4,2010-12-31,"Indonesia"
"Indonesia",2011,411.1,2011-12-31,"Indonesia"
"Indonesia",2012,399.6,2012-12-31,"Indonesia"
"Indonesia",2013,414.2,2013-12-31,"Indonesia"
"Indonesia",2014,421.7,2014-12-31,"Indonesia"
"Indonesia",2015,347.1,2015-12-31,"Indonesia"
"Indonesia",2016,386.1,2016-12-31,"Indonesia"
"Indonesia",2017,356.2,2017-12-31,"Indonesia"
"Indonesia",2018,476.3,2018-12-31,"Indonesia"
"Indonesia",2019,470.7,2019-12-31,"Indonesia"
"Indonesia",2020,477.6,2020-12-31,"Indonesia"
"Indonesia",2021,457.9,2021-12-31,"Indonesia"
"Indonesia",2022,457.9,2022-12-31,"Indonesia"
"Indonesia",2023,454.9,2023-12-31,"Indonesia"
"Peru",1961,480,1961-12-31,"Peru"
"Peru",1962,448,1962-12-31,"Peru"
"Peru",1963,480.2,1963-12-31,"Peru"
"Peru",1964,561.8,1964-12-31,"Peru"
"Peru",1965,384.9,1965-12-31,"Peru"
"Peru",1966,488.5,1966-12-31,"Peru"
"Peru",1967,523,1967-12-31,"Peru"
"Peru",1968,489.5,1968-12-31,"Peru"
"Peru",1969,570.1,1969-12-31,"Peru"
"Peru",1970,495.6,1970-12-31,"Peru"
"Peru",1971,504.9,1971-12-31,"Peru"
"Peru",1972,509.2,1972-12-31,"Peru"
"Peru",1973,511.4,1973-12-31,"Peru"
"Peru",1974,510.6,1974-12-31,"Peru"
"Peru",1975,509.1,1975-12-31,"Peru"
"Peru",1976,505.2,1976-12-31,"Peru"
"Peru",1977,512.2,1977-12-31,"Peru"
"Peru",1978,495.8,1978-12-31,"Peru"
"Peru",1979,499.5,1979-12-31,"Peru"
"Peru",1980,512.9,1980-12-31,"Peru"
"Peru",1981,528.8,1981-12-31,"Peru"
"Peru",1982,575.3,1982-12-31,"Peru"
"Peru",1983,522,1983-12-31,"Peru"
"Peru",1984,485.4,1984-12-31,"Peru"
"Peru",1985,451.7,1985-12-31,"Peru"
"Peru",1986,487.4,1986-12-31,"Peru"
"Peru",1987,476.6,1987-12-31,"Peru"
"Peru",1988,513.3,1988-12-31,"Peru"
"Peru",1989,542.2,1989-12-31,"Peru"
"Peru",1990,477.1,1990-12-31,"Peru"
"Peru",1991,537,1991-12-31,"Peru"
"Peru",1992,535.7,1992-12-31,"Peru"
"Peru",1993,530.1,1993-12-31,"Peru"
"Peru",1994,568.4,1994-12-31,"Peru"
"Peru",1995,625,1995-12-31,"Peru"
"Peru",1996,710.2,1996-12-31,"Peru"
"Peru",1997,609.5,1997-12-31,"Peru"
"Peru",1998,636.3,1998-12-31,"Peru"
"Peru",1999,609.9,1999-12-31,"Peru"
"Peru",2000,606.7,2000-12-31,"Peru"
"Peru",2001,517.2,2001-12-31,"Peru"
"Peru",2002,517.3,2002-12-31,"Peru"
"Peru",2003,486.4,2003-12-31,"Peru"
"Peru",2004,509.5,2004-12-31,"Peru"
"Peru",2005,502,2005-12-31,"Peru"
"Peru",2006,558.3,2006-12-31,"Peru"
"Peru",2007,524.6,2007-12-31,"Peru"
"Peru",2008,534.4,2008-12-31,"Peru"
"Peru",2009,554.8,2009-12-31,"Peru"
"Peru",2010,603.9,2010-12-31,"Peru"
"Peru",2011,671.2,2011-12-31,"Peru"
"Peru",2012,744,2012-12-31,"Peru"
"Peru",2013,728.8,2013-12-31,"Peru"
"Peru",2014,765.7,2014-12-31,"Peru"
"Peru",2015,769.2,2015-12-31,"Peru"
"Peru",2016,859.4,2016-12-31,"Peru"
"Peru",2017,827,2017-12-31,"Peru"
"Peru",2018,839.5,2018-12-31,"Peru"
"Peru",2019,833.9,2019-12-31,"Peru"
"Peru",2020,894.6,2020-12-31,"Peru"
"Peru",2021,877.2,2021-12-31,"Peru"
"Peru",2022,902.3,2022-12-31,"Peru"
"Peru",2023,841.2,2023-12-31,"Peru"
