"Area","Year","Tonnes","Date","STATION"
"Colombia",1961,14300,1961-12-31,"Colombia"
"Colombia",1962,15000,1962-12-31,"Colombia"
"Colombia",1963,15700,1963-12-31,"Colombia"
"Colombia",1964,16400,1964-12-31,"Colombia"
"Colombia",1965,17100,1965-12-31,"Colombia"
"Colombia",1966,17800,1966-12-31,"Colombia"
"Colombia",1967,17000,1967-12-31,"Colombia"
"Colombia",1968,18000,1968-12-31,"Colombia"
"Colombia",1969,18500,1969-12-31,"Colombia"
"Colombia",1970,19000,1970-12-31,"Colombia"
"Colombia",1971,21000,1971-12-31,"Colombia"
"Colombia",1972,22000,1972-12-31,"Colombia"
"Colombia",1973,23000,1973-12-31,"Colombia"
"Colombia",1974,24500,1974-12-31,"Colombia"
"Colombia",1975,26000,1975-12-31,"Colombia"
"Colombia",1976,29200,1976-12-31,"Colombia"
"Colombia",1977,27000,1977-12-31,"Colombia"
"Colombia",1978,31000,1978-12-31,"Colombia"
"Colombia",1979,32300,1979-12-31,"Colombia"
"Colombia",1980,35700,1980-12-31,"Colombia"
"Colombia",1981,38300,1981-12-31,"Colombia"
"Colombia",1982,39400,1982-12-31,"Colombia"
"Colombia",1983,37000,1983-12-31,"Colombia"
"Colombia",1984,40700,1984-12-31,"Colombia"
"Colombia",1985,42500,1985-12-31,"Colombia"
"Colombia",1986,46700,1986-12-31,"Colombia"
"Colombia",1987,53680,1987-12-31,"Colombia"
"Colombia",1988,54080,1988-12-31,"Colombia"
"Colombia",1989,55430,1989-12-31,"Colombia"
"Colombia",1990,56153,1990-12-31,"Colombia"
"Colombia",1991,58141,1991-12-31,"Colombia"
"Colombia",1992,54857,1992-12-31,"Colombia"
"Colombia",1993,57472,1993-12-31,"Colombia"
"Colombia",1994,50624,1994-12-31,"Colombia"
"Colombia",1995,56652,1995-12-31,"Colombia"
"Colombia",1996,49635,1996-12-31,"Colombia"
"Colombia",1997,50317,1997-12-31,"Colombia"
"Colombia",1998,50685,1998-12-31,"Colombia"
"Colombia",1999,51485,1999-12-31,"Colombia"
"Colombia",2000,36731,2000-12-31,"Colombia"
"Colombia",2001,36070,2001-12-31,"Colombia"
"Colombia",2002,34002,2002-12-31,"Colombia"
"Colombia",2003,41704,2003-12-31,"Colombia"
"Colombia",2004,38753,2004-12-31,"Colombia"
"Colombia",2005,37099,2005-12-31,"Colombia"
"Colombia",2006,35258,2006-12-31,"Colombia"
"Colombia",2007,39904,2007-12-31,"Colombia"
"Colombia",2008,44740,2008-12-31,"Colombia"
"Colombia",2009,44740,2009-12-31,"Colombia"
"Colombia",2010,39534,2010-12-31,"Colombia"
"Colombia",2011,37202,2011-12-31,"Colombia"
"Colombia",2012,41670,2012-12-31,"Colombia"
"Colombia",2013,46739,2013-12-31,"Colombia"
"Colombia",2014,47732,2014-12-31,"Colombia"
"Colombia",2015,54797.95,2015-12-31,"Colombia"
"Colombia",2016,56785,2016-12-31,"Colombia"
"Colombia",2017,89282,2017-12-31,"Colombia"
"Colombia",2018,97978,2018-12-31,"Colombia"
"Colombia",2019,102154,2019-12-31,"Colombia"
"Colombia",2020,63416,2020-12-31,"Colombia"
"Colombia",2021,69040,2021-12-31,"Colombia"
"Colombia",2022,62158,2022-12-31,"Colombia"
"Colombia",2023,59831,2023-12-31,"Colombia"
"Ivory_Coast",1961,85000,1961-12-31,"Ivory_Coast"
"Ivory_Coast",1962,110000,1962-12-31,"Ivory_Coast"
"Ivory_Coast",1963,115000,1963-12-31,"Ivory_Coast"
"Ivory_Coast",1964,139069,1964-12-31,"Ivory_Coast"
"Ivory_Coast",1965,121772,1965-12-31,"Ivory_Coast"
"Ivory_Coast",1966,149662,1966-12-31,"Ivory_Coast"
"Ivory_Coast",1967,146640,1967-12-31,"Ivory_Coast"
"Ivory_Coast",1968,144476,1968-12-31,"Ivory_Coast"
"Ivory_Coast",1969,180706,1969-12-31,"Ivory_Coast"
"Ivory_Coast",1970,179156,1970-12-31,"Ivory_Coast"
"Ivory_Coast",1971,225814,1971-12-31,"Ivory_Coast"
"Ivory_Coast",1972,185445,1972-12-31,"Ivory_Coast"
"Ivory_Coast",1973,208522,1973-12-31,"Ivory_Coast"
"Ivory_Coast",1974,241511,1974-12-31,"Ivory_Coast"
"Ivory_Coast",1975,231136,1975-12-31,"Ivory_Coast"
"Ivory_Coast",1976,232330,1976-12-31,"Ivory_Coast"
"Ivory_Coast",1977,303621,1977-12-31,"Ivory_Coast"
"Ivory_Coast",1978,318381,1978-12-31,"Ivory_Coast"
"Ivory_Coast",1979,397759,1979-12-31,"Ivory_Coast"
"Ivory_Coast",1980,417222,1980-12-31,"Ivory_Coast"
"Ivory_Coast",1981,464751,1981-12-31,"Ivory_Coast"
"Ivory_Coast",1982,360445,1982-12-31,"Ivory_Coast"
"Ivory_Coast",1983,411081,1983-12-31,"Ivory_Coast"
"Ivory_Coast",1984,565042,1984-12-31,"Ivory_Coast"
"Ivory_Coast",1985,555115,1985-12-31,"Ivory_Coast"
"Ivory_Coast",1986,610680,1986-12-31,"Ivory_Coast"
"Ivory_Coast",1987,664031,1987-12-31,"Ivory_Coast"
"Ivory_Coast",1988,832177,1988-12-31,"Ivory_Coast"
"Ivory_Coast",1989,780521,1989-12-31,"Ivory_Coast"
"Ivory_Coast",1990,807501,1990-12-31,"Ivory_Coast"
"Ivory_Coast",1991,764708,1991-12-31,"Ivory_Coast"
"Ivory_Coast",1992,813009,1992-12-31,"Ivory_Coast"
"Ivory_Coast",1993,803799,1993-12-31,"Ivory_Coast"
"Ivory_Coast",1994,808662,1994-12-31,"Ivory_Coast"
"Ivory_Coast",1995,1120000,1995-12-31,"Ivory_Coast"
"Ivory_Coast",1996,1235300,1996-12-31,"Ivory_Coast"
"Ivory_Coast",1997,1119110,1997-12-31,"Ivory_Coast"
"Ivory_Coast",1998,1201119,1998-12-31,"Ivory_Coast"
"Ivory_Coast",1999,1163025,1999-12-31,"Ivory_Coast"
"Ivory_Coast",2000,1401101,2000-12-31,"Ivory_Coast"
"Ivory_Coast",2001,1212428,2001-12-31,"Ivory_Coast"
"Ivory_Coast",2002,1264708,2002-12-31,"Ivory_Coast"
"Ivory_Coast",2003,1351546,2003-12-31,"Ivory_Coast"
"Ivory_Coast",2004,1407213,2004-12-31,"Ivory_Coast"
"Ivory_Coast",2005,1286330,2005-12-31,"Ivory_Coast"
"Ivory_Coast",2006,1408854,2006-12-31,"Ivory_Coast"
"Ivory_Coast",2007,1229908,2007-12-31,"Ivory_Coast"
"Ivory_Coast",2008,1382441,2008-12-31,"Ivory_Coast"
"Ivory_Coast",2009,1223153,2009-12-31,"Ivory_Coast"
"Ivory_Coast",2010,1301347,2010-12-31,"Ivory_Coast"
"Ivory_Coast",2011,1511255,2011-12-31,"Ivory_Coast"
"Ivory_Coast",2012,1485882,2012-12-31,"Ivory_Coast"
"Ivory_Coast",2013,1448992,2013-12-31,"Ivory_Coast"
"Ivory_Coast",2014,1637777.56,2014-12-31,"Ivory_Coast"
"Ivory_Coast",2015,1796000,2015-12-31,"Ivory_Coast"
"Ivory_Coast",2016,1634000,2016-12-31,"Ivory_Coast"
"Ivory_Coast",2017,2034000,2017-12-31,"Ivory_Coast"
"Ivory_Coast",2018,2113189,2018-12-31,"Ivory_Coast"
"Ivory_Coast",2019,2235043,2019-12-31,"Ivory_Coast"
"Ivory_Coast",2020,2200000,2020-12-31,"Ivory_Coast"
"Ivory_Coast",2021,2228459,2021-12-31,"Ivory_Coast"
"Ivory_Coast",2022,2358991,2022-12-31,"Ivory_Coast"
"Ivory_Coast",2023,2377442.05,2023-12-31,"Ivory_Coast"
"Dom_Rep",1961,34850,1961-12-31,"Dom_Rep"
"Dom_Rep",1962,33230,1962-12-31,"Dom_Rep"
"Dom_Rep",1963,38036,1963-12-31,"Dom_Rep"
"Dom_Rep",1964,41223,1964-12-31,"Dom_Rep"
"Dom_Rep",1965,25000,1965-12-31,"Dom_Rep"
"Dom_Rep",1966,27990,1966-12-31,"Dom_Rep"
"Dom_Rep",1967,25908,1967-12-31,"Dom_Rep"
"Dom_Rep",1968,27266,1968-12-31,"Dom_Rep"
"Dom_Rep",1969,25823,1969-12-31,"Dom_Rep"
"Dom_Rep",1970,37924,1970-12-31,"Dom_Rep"
"Dom_Rep",1971,32470,1971-12-31,"Dom_Rep"
"Dom_Rep",1972,36093,1972-12-31,"Dom_Rep"
"Dom_Rep",1973,35900,1973-12-31,"Dom_Rep"
"Dom_Rep",1974,38300,1974-12-31,"Dom_Rep"
"Dom_Rep",1975,30909,1975-12-31,"Dom_Rep"
"Dom_Rep",1976,33100,1976-12-31,"Dom_Rep"
"Dom_Rep",1977,34474,1977-12-31,"Dom_Rep"
"Dom_Rep",1978,36960,1978-12-31,"Dom_Rep"
"Dom_Rep",1979,35916,1979-12-31,"Dom_Rep"
"Dom_Rep",1980,28481,1980-12-31,"Dom_Rep"
"Dom_Rep",1981,31920,1981-12-31,"Dom_Rep"
"Dom_Rep",1982,34921,1982-12-31,"Dom_Rep"
"Dom_Rep",1983,42826,1983-12-31,"Dom_Rep"
"Dom_Rep",1984,42596,1984-12-31,"Dom_Rep"
"Dom_Rep",1985,34506,1985-12-31,"Dom_Rep"
"Dom_Rep",1986,36231,1986-12-31,"Dom_Rep"
"Dom_Rep",1987,43102,1987-12-31,"Dom_Rep"
"Dom_Rep",1988,41481,1988-12-31,"Dom_Rep"
"Dom_Rep",1989,48668,1989-12-31,"Dom_Rep"
"Dom_Rep",1990,43157,1990-12-31,"Dom_Rep"
"Dom_Rep",1991,48860,1991-12-31,"Dom_Rep"
"Dom_Rep",1992,50376,1992-12-31,"Dom_Rep"
"Dom_Rep",1993,53980,1993-12-31,"Dom_Rep"
"Dom_Rep",1994,62385.29,1994-12-31,"Dom_Rep"
"Dom_Rep",1995,59397.9,1995-12-31,"Dom_Rep"
"Dom_Rep",1996,62937.81,1996-12-31,"Dom_Rep"
"Dom_Rep",1997,52455.59,1997-12-31,"Dom_Rep"
"Dom_Rep",1998,59291.48,1998-12-31,"Dom_Rep"
"Dom_Rep",1999,25861.38,1999-12-31,"Dom_Rep"
"Dom_Rep",2000,37107.09,2000-12-31,"Dom_Rep"
"Dom_Rep",2001,44908.01,2001-12-31,"Dom_Rep"
"Dom_Rep",2002,45468,2002-12-31,"Dom_Rep"
"Dom_Rep",2003,46697.72,2003-12-31,"Dom_Rep"
"Dom_Rep",2004,47317.56,2004-12-31,"Dom_Rep"
"Dom_Rep",2005,31361,2005-12-31,"Dom_Rep"
"Dom_Rep",2006,45912.23,2006-12-31,"Dom_Rep"
"Dom_Rep",2007,42154.31,2007-12-31,"Dom_Rep"
"Dom_Rep",2008,45291,2008-12-31,"Dom_Rep"
"Dom_Rep",2009,54994,2009-12-31,"Dom_Rep"
"Dom_Rep",2010,58334,2010-12-31,"Dom_Rep"
"Dom_Rep",2011,54279,2011-12-31,"Dom_Rep"
"Dom_Rep",2012,72225,2012-12-31,"Dom_Rep"
"Dom_Rep",2013,68020.57,2013-12-31,"Dom_Rep"
"Dom_Rep",2014,69913.3,2014-12-31,"Dom_Rep"
"Dom_Rep",2015,75499.98,2015-12-31,"Dom_Rep"
"Dom_Rep",2016,81245.84,2016-12-31,"Dom_Rep"
"Dom_Rep",2017,86599,2017-12-31,"Dom_Rep"
"Dom_Rep",2018,85991.33,2018-12-31,"Dom_Rep"
"Dom_Rep",2019,76112.56,2019-12-31,"Dom_Rep"
"Dom_Rep",2020,77681.23,2020-12-31,"Dom_Rep"
"Dom_Rep",2021,70630.86,2021-12-31,"Dom_Rep"
"Dom_Rep",2022,88655.67,2022-12-31,"Dom_Rep"
"Dom_Rep",2023,65930.13,2023-12-31,"Dom_Rep"
"Indonesia",1961,1031,1961-12-31,"Indonesia"
"Indonesia",1962,897,1962-12-31,"Indonesia"
"Indonesia",1963,824,1963-12-31,"Indonesia"
"Indonesia",1964,945,1964-12-31,"Indonesia"
"Indonesia",1965,1110,1965-12-31,"Indonesia"
"Indonesia",1966,1172,1966-12-31,"Indonesia"
"Indonesia",1967,1233,1967-12-31,"Indonesia"
"Indonesia",1968,1204,1968-12-31,"Indonesia"
"Indonesia",1969,1763,1969-12-31,"Indonesia"
"Indonesia",1970,1738,1970-12-31,"Indonesia"
"Indonesia",1971,2009,1971-12-31,"Indonesia"
"Indonesia",1972,1801,1972-12-31,"Indonesia"
"Indonesia",1973,1813,1973-12-31,"Indonesia"
"Indonesia",1974,3191,1974-12-31,"Indonesia"
"Indonesia",1975,3921,1975-12-31,"Indonesia"
"Indonesia",1976,3909,1976-12-31,"Indonesia"
"Indonesia",1977,4816,1977-12-31,"Indonesia"
"Indonesia",1978,5496,1978-12-31,"Indonesia"
"Indonesia",1979,8632,1979-12-31,"Indonesia"
"Indonesia",1980,10284,1980-12-31,"Indonesia"
"Indonesia",1981,13137,1981-12-31,"Indonesia"
"Indonesia",1982,17260,1982-12-31,"Indonesia"
"Indonesia",1983,19640,1983-12-31,"Indonesia"
"Indonesia",1984,26502,1984-12-31,"Indonesia"
"Indonesia",1985,33798,1985-12-31,"Indonesia"
"Indonesia",1986,34327,1986-12-31,"Indonesia"
"Indonesia",1987,50199,1987-12-31,"Indonesia"
"Indonesia",1988,79335,1988-12-31,"Indonesia"
"Indonesia",1989,110509,1989-12-31,"Indonesia"
"Indonesia",1990,142347,1990-12-31,"Indonesia"
"Indonesia",1991,174899,1991-12-31,"Indonesia"
"Indonesia",1992,207147,1992-12-31,"Indonesia"
"Indonesia",1993,258059,1993-12-31,"Indonesia"
"Indonesia",1994,241701,1994-12-31,"Indonesia"
"Indonesia",1995,278400,1995-12-31,"Indonesia"
"Indonesia",1996,350800,1996-12-31,"Indonesia"
"Indonesia",1997,329700,1997-12-31,"Indonesia"
"Indonesia",1998,456499,1998-12-31,"Indonesia"
"Indonesia",1999,367475,1999-12-31,"Indonesia"
"Indonesia",2000,421142,2000-12-31,"Indonesia"
"Indonesia",2001,536804,2001-12-31,"Indonesia"
"Indonesia",2002,619192,2002-12-31,"Indonesia"
"Indonesia",2003,695361,2003-12-31,"Indonesia"
"Indonesia",2004,691704,2004-12-31,"Indonesia"
"Indonesia",2005,748827,2005-12-31,"Indonesia"
"Indonesia",2006,769386,2006-12-31,"Indonesia"
"Indonesia",2007,740006,2007-12-31,"Indonesia"
"Indonesia",2008,803593,2008-12-31,"Indonesia"
"Indonesia",2009,809583,2009-12-31,"Indonesia"
"Indonesia",2010,844626,2010-12-31,"Indonesia"
"Indonesia",2011,712200,2011-12-31,"Indonesia"
"Indonesia",2012,740500,2012-12-31,"Indonesia"
"Indonesia",2013,720900,2013-12-31,"Indonesia"
"Indonesia",2014,728400,2014-12-31,"Indonesia"
"Indonesia",2015,593331,2015-12-31,"Indonesia"
"Indonesia",2016,656817,2016-12-31,"Indonesia"
"Indonesia",2017,590684,2017-12-31,"Indonesia"
"Indonesia",2018,767280,2018-12-31,"Indonesia"
"Indonesia",2019,734795,2019-12-31,"Indonesia"
"Indonesia",2020,720660,2020-12-31,"Indonesia"
"Indonesia",2021,650611.69,2021-12-31,"Indonesia"
"Indonesia",2022,650611.69,2022-12-31,"Indonesia"
"Indonesia",2023,641741.02,2023-12-31,"Indonesia"
"Peru",1961,2688,1961-12-31,"Peru"
"Peru",1962,2464,1962-12-31,"Peru"
"Peru",1963,2670,1963-12-31,"Peru"
"Peru",1964,2674,1964-12-31,"Peru"
"Peru",1965,1836,1965-12-31,"Peru"
"Peru",1966,2149,1966-12-31,"Peru"
"Peru",1967,2301,1967-12-31,"Peru"
"Peru",1968,1795,1968-12-31,"Peru"
"Peru",1969,2412,1969-12-31,"Peru"
"Peru",1970,2107,1970-12-31,"Peru"
"Peru",1971,2173,1971-12-31,"Peru"
"Peru",1972,2231,1972-12-31,"Peru"
"Peru",1973,2406,1973-12-31,"Peru"
"Peru",1974,2545,1974-12-31,"Peru"
"Peru",1975,2658,1975-12-31,"Peru"
"Peru",1976,2607,1976-12-31,"Peru"
"Peru",1977,3998,1977-12-31,"Peru"
"Peru",1978,4039,1978-12-31,"Peru"
"Peru",1979,4262,1979-12-31,"Peru"
"Peru",1980,4420,1980-12-31,"Peru"
"Peru",1981,5312,1981-12-31,"Peru"
"Peru",1982,6045,1982-12-31,"Peru"
"Peru",1983,6145,1983-12-31,"Peru"
"Peru",1984,6501,1984-12-31,"Peru"
"Peru",1985,8033,1985-12-31,"Peru"
"Peru",1986,11082,1986-12-31,"Peru"
"Peru",1987,14080,1987-12-31,"Peru"
"Peru",1988,16658,1988-12-31,"Peru"
"Peru",1989,17813,1989-12-31,"Peru"
"Peru",1990,14796,1990-12-31,"Peru"
"Peru",1991,15473,1991-12-31,"Peru"
"Peru",1992,15000,1992-12-31,"Peru"
"Peru",1993,14970,1993-12-31,"Peru"
"Peru",1994,13446,1994-12-31,"Peru"
"Peru",1995,22704,1995-12-31,"Peru"
"Peru",1996,22867,1996-12-31,"Peru"
"Peru",1997,19504,1997-12-31,"Peru"
"Peru",1998,22134,1998-12-31,"Peru"
"Peru",1999,20964,1999-12-31,"Peru"
"Peru",2000,25049,2000-12-31,"Peru"
"Peru",2001,23652,2001-12-31,"Peru"
"Peru",2002,24219,2002-12-31,"Peru"
"Peru",2003,24214,2003-12-31,"Peru"
"Peru",2004,25921,2004-12-31,"Peru"
"Peru",2005,25257,2005-12-31,"Peru"
"Peru",2006,31676,2006-12-31,"Peru"
"Peru",2007,31387,2007-12-31,"Peru"
"Peru",2008,34003,2008-12-31,"Peru"
"Peru",2009,36803,2009-12-31,"Peru"
"Peru",2010,46613,2010-12-31,"Peru"
"Peru",2011,56499,2011-12-31,"Peru"
"Peru",2012,62491.58,2012-12-31,"Peru"
"Peru",2013,71175.41,2013-12-31,"Peru"
"Peru",2014,81651,2014-12-31,"Peru"
"Peru",2015,92592,2015-12-31,"Peru"
"Peru",2016,107921.51,2016-12-31,"Peru"
"Peru",2017,121814,2017-12-31,"Peru"
"Peru",2018,134675.74,2018-12-31,"Peru"
"Peru",2019,141775.25,2019-12-31,"Peru"
"Peru",2020,158943.58,2020-12-31,"Peru"
"Peru",2021,160521.54,2021-12-31,"Peru"
"Peru",2022,172058.33,2022-12-31,"Peru"
"Peru",2023,166708.8,2023-12-31,"Peru"
